two_theta_deg,experimental_intensity,fitted_intensity
0.80000000000000004,30366784,28264140.378685817
0.80200000000000005,30272868,23550276.322781675
0.80400000000000005,30171578,22826807.954216555
0.80600000000000005,30129704,26370100.293976307
0.80800000000000005,30003094,28421730.521981277
0.81000000000000005,29949994,29404626.390761968
0.81200000000000006,29861658,29907107.414152689
0.81400000000000006,29732566,30175437.983892489
0.81600000000000006,29651646,30313126.666100621
0.81800000000000006,29572968,30366784
0.82000000000000006,29440400,30357778.026224773
0.82200000000000006,29367062,30294561.180402588
0.82400000000000007,29278952,30177655.979635693
0.82600000000000007,29163154,30001482.627100442
0.82800000000000007,29069292,29754577.571521115
0.83000000000000007,28978250,29418816.60192338
0.83200000000000007,28816492,28967988.263567526
0.83400000000000007,28746798,28366268.81218905
0.83600000000000008,28641020,27568086.80219176
0.83800000000000008,28512180,26523210.260112025
0.84000000000000008,28411984,25195277.335506815
0.84200000000000008,28296278,23605962.296101756
0.84400000000000008,28160764,21906105.602426868
0.84600000000000009,28062674,20421549.740596041
0.84800000000000009,27940470,19554205.851219047
0.85000000000000009,27823566,19522342.712747898
0.85200000000000009,27695138,20202443.107779931
0.85400000000000009,27551322,21266611.562598065
0.85600000000000009,27407110,22413743.887161564
0.8580000000000001,27332134,23468841.687974382
0.8600000000000001,27171292,24364028.412041895
0.8620000000000001,27036876,25090698.606769547
0.8640000000000001,26927322,25664734.175962493
0.8660000000000001,26764146,26108488.016962804
0.8680000000000001,26634498,26443207.101113692
0.87000000000000011,26534340,26686537.82839201
0.87200000000000011,26335690,26852155.495474063
0.874,26197884,26950141.237500738
0.876,26099248,26987531.842825063
0.878,25922384,26968829.579061203
0.88,25821208,26896410.581509501
0.88200000000000001,25663394,26770829.543933958
0.88400000000000001,25506038,26591040.055123217
0.88600000000000001,25375050,26354558.143008381
0.88800000000000001,25260342,26057602.127798442
0.89000000000000001,25103370,25695249.768411648
0.89200000000000002,24969196,25261666.540084757
0.89400000000000002,24800764,24750477.903612446
0.89600000000000002,24647706,24155382.756564587
0.89800000000000002,24523138,23471129.67788722
0.90000000000000002,24395008,22694988.254005581
0.90200000000000002,24224950,21828816.526591197
0.90400000000000003,24101468,20881706.334825411
0.90600000000000003,23958928,19872925.937682152
0.90800000000000003,23803812,18834449.494937636
0.91000000000000003,23673366,17811856.975227818
0.91200000000000003,23503278,16862109.308996867
0.91400000000000003,23334362,16047141.540021382
0.91600000000000004,23221240,15423709.136124684
0.91800000000000004,23065040,15032066.984198164
0.92000000000000004,22908620,14887504.541524379
0.92200000000000004,22761210,14978097.876794567
0.92400000000000004,22599782,15269310.408295071
0.92600000000000005,22453444,15713071.728761533
0.92800000000000005,22319516,16257638.246152764
0.93000000000000005,22133550,16855297.525055535
0.93200000000000005,21965408,17466739.537437584
0.93400000000000005,21815830,18062415.54013994
0.93600000000000005,21647200,18621894.946907111
0.93800000000000006,21506258,19132247.398390796
0.94000000000000006,21340884,19586183.237947993
0.94200000000000006,21140454,19980356.781813841
0.94400000000000006,20989966,20313993.705429804
0.94600000000000006,20802186,20587862.736852087
0.94800000000000006,20628722,20803546.97663616
0.95000000000000007,20465096,20962950.560621608
0.95200000000000007,20266426,21067978.996513512
0.95400000000000007,20079732,21120342.588998582
0.95600000000000007,19911668,21121444.971729923
0.95800000000000007,19753084,21072329.978806365
0.96000000000000008,19556410,20973669.07970513
0.96200000000000008,19370732,20825778.452441067
0.96400000000000008,19187040,20628659.874919735
0.96600000000000008,19003552,20382063.399307456
0.96800000000000008,18844416,20085572.57656629
0.97000000000000008,18649058,19738715.024324961
0.97200000000000009,18453608,19341102.43874846
0.97400000000000009,18294414,18892604.639534689
0.97599999999999998,18100476,18393561.641667221
0.97799999999999998,17949634,17845035.645130757
0.97999999999999998,17776440,17249100.683906816
0.98199999999999998,17590040,16609160.927295616
0.98399999999999999,17424994,15930278.932246039
0.98599999999999999,17269258,15219482.7091894
0.98799999999999999,17099966,14486006.510197129
0.98999999999999999,16956278,13741407.494423745
0.99199999999999999,16782542,12999493.297836401
0.99399999999999999,16594423,12275999.721935473
0.996,16460411,11587978.706771448
0.998,16318177,10952897.039314846
1,16169274,10387502.500996718
1.002,16016001,9906575.1931748148
1.004,15861345,9521729.9136855304
1.006,15699214,9240452.0235007461
1.008,15580318,9065522.8000489641
1.01,15420137,8994923.4391252846
1.012,15258819,9022217.2614959069
1.014,15122635,9137323.4517818391
1.016,14973784,9327536.6775898002
1.018,14829463,9578627.5831258185
1.02,14698328,9875877.3194078151
1.022,14528953,10204942.089999428
1.024,14378005,10552494.664998433
1.026,14234984,10906635.260297045
1.028,14081057,11257096.443851056
1.03,13934467,11595284.15212358
1.032,13771037,11914201.841335703
1.034,13604663,12208301.323132884
1.036,13453597,12473295.962226508
1.038,13305318,12705962.721911786
1.04,13130820,12903950.952060044
1.042,12963528,13065608.756726706
1.044,12802638,13189832.508078666
1.046,12616764,13275941.454695696
1.048,12474982,13323577.098521363
1.05,12303062,13332625.742012497
1.052,12114919,13303162.024458939
1.054,11955043,13235411.122953368
1.056,11783013,13129727.400510192
1.0580000000000001,11603901,12986587.506600728
1.0600000000000001,11452317,12806596.18066516
1.0620000000000001,11265984,12590503.21350237
1.0640000000000001,11091010,12339230.141633123
1.0660000000000001,10936746,12053905.2562874
1.0680000000000001,10778135,11735905.382173153
1.0700000000000001,10605714,11386902.611458203
1.0720000000000001,10444107,11008913.766097952
1.0740000000000001,10267733,10604349.822057996
1.0760000000000001,10102166,10176061.897201378
1.0780000000000001,9977484,9727379.7412278075
1.0800000000000001,9818975,9262138.061505612
1.0820000000000001,9661814,8784685.5940907337
1.0840000000000001,9524749,8299871.7310125846
1.0860000000000001,9382996,7813005.8999060029
1.0880000000000001,9246852,7329785.902330447
1.0900000000000001,9125654,6856193.1444786144
1.0920000000000001,8967399,6398355.1393765034
1.0940000000000001,8850755,5962378.6961260419
1.0960000000000001,8727148,5554160.5638899272
1.0980000000000001,8611249,5179185.5519465934
1.1000000000000001,8500222,4842324.7977903187
1.1020000000000001,8376237.5,4547648.3951598406
1.1040000000000001,8254252,4298266.6227779882
1.1060000000000001,8159237,4096212.3471323997
1.1080000000000001,8055562.5,3942373.9096343163
1.1100000000000001,7952603.5,3836483.3447144479
1.1120000000000001,7855172,3777159.7341688522
1.1140000000000001,7749515,3762002.6112128347
1.1160000000000001,7656012.5,3787726.2648099088
1.1180000000000001,7572645.5,3850323.0588059737
1.1200000000000001,7472794.5,3945242.7049744138
1.1220000000000001,7369585.5,4067574.7701197746
1.1240000000000001,7274936.5,4212223.282181018
1.1260000000000001,7188436.5,4374064.7170981672
1.1280000000000001,7101912.5,4548083.4465191243
1.1300000000000001,7013055.5,4729481.5018717172
1.1320000000000001,6905228.5,4913761.959298389
1.1340000000000001,6808388,5096787.1903551724
1.1360000000000001,6716226.5,5274814.5874654688
1.1380000000000001,6621618,5444513.1828175727
1.1400000000000001,6524067,5602964.9148209076
1.1420000000000001,6428427,5747654.2657015482
1.1440000000000001,6322608,5876449.7101458125
1.1460000000000001,6231177.5,5987579.979708367
1.1480000000000001,6134873,6079607.6431531291
1.1500000000000001,6028102.5,6151401.9892446697
1.1520000000000001,5916890.5,6202112.7154519046
1.1539999999999999,5813777,6231145.4960987046
1.1560000000000001,5701342,6238140.1361981938
1.1579999999999999,5601104,6222951.7129879799
1.1600000000000001,5496697.5,6185634.8608625364
1.1619999999999999,5384233.5,6126431.1588411899
1.1640000000000001,5275406,6045759.4237812515
1.1659999999999999,5163575,5944208.5884506842
1.1680000000000001,5055299,5822532.7437144285
1.1699999999999999,4960988.5,5681647.8425719775
1.1720000000000002,4840713,5522629.4966854099
1.1739999999999999,4732512,5346711.2414978296
1.1760000000000002,4635246,5155282.6042225203
1.1779999999999999,4534657.5,4949886.2819273677
1.1800000000000002,4433383.5,4732213.7282807957
1.1819999999999999,4327397,4504098.4621124938
1.1840000000000002,4227032,4267506.4542215653
1.1859999999999999,4131744,4024523.026203197
1.1880000000000002,4048674.5,3777335.8108015559
1.1899999999999999,3959833.25,3528213.4798066108
1.1920000000000002,3869523.25,3279480.1421356755
1.194,3787313.5,3033485.5469502155
1.1960000000000002,3703859,2792571.4853701149
1.198,3628759.5,2559035.0558426226
1.2000000000000002,3555383.25,2335089.7245146772
1.202,3477250.25,2122825.3520275806
1.2040000000000002,3411347.25,1924168.5497466626
1.206,3348136.25,1740844.85051058
1.2080000000000002,3283060.25,1574344.2143686274
1.21,3227257,1425891.3277665889
1.2120000000000002,3165162,1296421.9930218412
1.214,3111586,1186566.6510418572
1.2160000000000002,3062859,1096641.7508196302
1.218,3013431.75,1026649.298959067
1.22,2974672.75,976284.52130103589
1.222,2926583.75,944951.17851715686
1.224,2884730.75,931783.72843243019
1.226,2843965.75,935675.24488755502
1.228,2810912.5,955309.80362715898
1.23,2775193.5,989197.93852726696
1.232,2732349,1035713.7559241282
1.234,2695714,1093132.362322388
1.236,2664569.75,1159666.3966470947
1.238,2632559,1233500.6439764265
1.24,2602598.75,1312823.9234960396
1.242,2561719.75,1395857.6701914426
1.244,2530344.5,1480880.8509261156
1.246,2498206.5,1566251.0579372693
1.248,2460660.75,1650421.7972686414
1.25,2423487.75,1731956.1310067694
1.252,2386783.25,1809536.938604722
1.254,2347405,1881974.135067333
1.256,2312964.25,1948209.2253587646
1.258,2282462.5,2007317.5893800049
1.26,2238024.5,2058508.8851697901
1.262,2200645.5,2101125.9346279777
1.264,2151779.5,2134642.4207808389
1.266,2112670.5,2158659.6826190469
1.268,2074079.125,2172902.8464130247
1.27,2030243.375,2177216.4840462944
1.272,1981448.625,2171559.9415668081
1.274,1937352.75,2156002.4365379773
1.276,1892087.125,2130717.9821083057
1.278,1847207.25,2095980.1598779466
1.28,1800450.625,2052156.7332145311
1.282,1752457.625,1999704.0680571122
1.284,1707167.625,1939161.3097075836
1.286,1663361.75,1871144.2518078282
1.288,1615800.75,1796338.8277233292
1.29,1574304,1715494.1549078636
1.292,1527228,1629415.0694185854
1.294,1481783,1538954.1003748248
1.296,1441013,1445002.8524364808
1.298,1402077.875,1348482.7877502306
1.3,1361512.875,1250335.4264836074
1.302,1321388.75,1151512.0159948024
1.304,1284934.625,1052962.7515849185
1.306,1247213.625,955625.66512796737
1.3080000000000001,1218510.625,860415.3299775687
1.3100000000000001,1184917.75,768211.55959757243
1.3120000000000001,1151036.375,679848.30154331937
1.3140000000000001,1123215.625,596102.9460216508
1.3160000000000001,1096288,517686.27780864487
1.3180000000000001,1074439.25,445233.30069473386
1.3200000000000001,1051812.625,379295.15421860904
1.3220000000000001,1028628.875,320332.32316410018
1.3240000000000001,1012121.9375,268709.31164587539
1.3260000000000001,996297.0625,224690.91671543635
1.3280000000000001,977418,188440.19293240274
1.3300000000000001,968577,160018.15136260676
1.3320000000000001,953010.125,139385.18636858423
1.3340000000000001,942508.0625,126404.17386241934
1.3360000000000001,933492,120845.13784890977
1.3380000000000001,928430.75,122391.34032220532
1.3400000000000001,920558.625,130646.61473508897
1.3420000000000001,915755.625,145143.73668749889
1.3440000000000001,911162.5625,165353.60797171033
1.3460000000000001,905194.5625,190695.02188250513
1.3480000000000001,901741.25,220544.778422509
1.3500000000000001,900887.125,254247.92690309326
1.3520000000000001,895919.375,291127.92928154132
1.3540000000000001,893306.5625,330496.55895115429
1.3560000000000001,891483.375,371663.37504363793
1.3580000000000001,888904.3125,413944.6400237059
1.3600000000000001,885870.375,456671.57694878604
1.3620000000000001,882666.8125,499197.89088722283
1.3640000000000001,877846.875,540906.50550876348
1.3660000000000001,874049.9375,581215.48990169156
1.3680000000000001,869629,619583.17161162081
1.3700000000000001,864250.9375,655512.44936276763
1.3720000000000001,857436.9375,688554.33276798856
1.3740000000000001,850395,718310.74660442071
1.3760000000000001,841526.9375,744436.6441291268
1.3780000000000001,834568,766641.47775552049
1.3799999999999999,825621,784690.07660688111
1.3820000000000001,813143.0625,798402.97946019482
1.3839999999999999,802667,807656.26886266586
1.3860000000000001,790954.0625,812380.94821570744
1.3879999999999999,779628.0625,812561.8988280677
1.3900000000000001,766893.0625,808236.44876235281
1.3919999999999999,751263.0625,799492.58011788607
1.3940000000000001,737529,786466.79654358665
1.3959999999999999,723126,769341.66854444833
1.3980000000000001,707959,748343.07077035273
1.3999999999999999,692520.9375,723737.12314164394
1.4020000000000001,676634.9375,695826.84650327906
1.4039999999999999,662690.875,664948.543587605
1.4060000000000001,646332.875,631467.91742828407
1.4079999999999999,631707.8125,595775.94197385595
1.4100000000000001,614601.75,558284.50341254217
1.4119999999999999,600181.75,519421.83549985674
1.4140000000000001,586688.75,479627.7777828956
1.4159999999999999,570934.0625,439348.89180117234
1.4180000000000001,559944.1875,399033.4768253988
1.4199999999999999,547692.3125,359126.53316071094
1.4220000000000002,534952.5,320064.7271444709
1.4239999999999999,523425.625,282271.41736880032
1.4260000000000002,514781.75,246151.80601010594
1.4279999999999999,505949.875,212088.28214085379
1.4300000000000002,499176.90625,180436.02525863156
1.4319999999999999,491247.03125,151518.93678415747
1.4340000000000002,484319,125625.96481476445
1.4359999999999999,481594.96875,103007.88292398759
1.4380000000000002,479237.84375,83874.577313970512
1.4399999999999999,478067.59375,68392.888294850229
1.4420000000000002,475591.4375,56685.042115876349
1.444,473863.34375,48827.697920159022
1.4460000000000002,475048.28125,44851.622419972198
1.448,479676.28125,44741.992221511282
1.4500000000000002,481803.28125,48439.311020572619
1.452,485485.28125,55840.916598748925
1.4540000000000002,488563.28125,66803.041104132295
1.456,493907.3125,81143.377886224596
1.4580000000000002,502202.28125,98644.099492258712
1.46,509194.21875,119055.26456136572
1.4620000000000002,514490.34375,142098.54642799997
1.464,523935.3125,167471.21332671706
1.4660000000000002,530578.3125,194850.28915083664
1.468,538931.25,223896.82464799343
1.4700000000000002,546924.25,254260.21155896521
1.472,553689.375,285582.47628861625
1.4740000000000002,559457.4375,317502.49496839038
1.476,569627.4375,349660.07793446153
1.4780000000000002,577243.375,381699.87840632442
1.48,585186.25,413275.08721648343
1.4820000000000002,591516.375,444050.88254525966
1.484,595807.3125,473707.61051742011
1.4860000000000002,602148.3125,501943.67902010464
1.488,607863.25,528478.15304564708
1.4900000000000002,610225.1875,553053.04513451224
1.492,613311.125,575435.29901835206
1.4940000000000002,614935.0625,595418.46830981551
1.496,616959.0625,612824.09505493497
1.4980000000000002,618672,627502.79519034899
1.5,619569,639335.05948863318
1.5020000000000002,615997.9375,648231.77951036522
1.504,613586.9375,654134.50850339211
1.506,612696.875,657015.46720174619
1.508,606974.875,656877.30418601818
1.51,603223.875,653752.61998289055
1.512,598207.8125,647703.26350982976
1.514,591647.75,638819.40891224483
1.516,584675.75,627218.42038630624
1.518,580695.8125,613043.51231255196
1.52,571116.8125,596462.21201128699
1.522,563870.75,577664.63272465859
1.524,556174.6875,556861.56506950373
1.526,544045.6875,534282.3962103799
1.528,538325.75,510172.8673757778
1.53,528831.875,484792.68206582067
1.532,519737,458412.97934228496
1.534,511494.3125,431313.68889722228
1.536,501858.46875,403780.78709509468
1.538,493151.5625,376103.47578803886
1.54,486521.8125,348571.30831586331
1.542,478950.8125,321471.28961224208
1.544,472332.875,295084.97963072342
1.546,465591.9375,269685.6312624428
1.548,459677,245535.39542804562
1.55,454334.96875,222882.62698521762
1.552,450128,201959.32540972903
1.554,444635,182978.74381100733
1.556,443374.03125,166133.19868488656
1.5580000000000001,442318.03125,151592.11086595093
1.5600000000000001,440698.96875,139500.30542824816
1.5620000000000001,440577.90625,129976.59483557552
1.5640000000000001,441445.78125,123112.66553022809
1.5660000000000001,441173.6875,118972.2834691747
1.5680000000000001,443605.46875,117590.82899081278
1.5700000000000001,446119.3125,118975.16596454788
1.5720000000000001,450656.25,123103.84459413719
1.5740000000000001,454595.21875,129927.63167485301
1.5760000000000001,460072.25,139370.35670484047
1.5780000000000001,468197.25,151330.05717557963
1.5800000000000001,475354.28125,165680.40175392284
1.5820000000000001,482366.28125,182272.36603811657
1.5840000000000001,488032.3125,200936.13221678013
1.5860000000000001,497968.34375,221483.18135052323
1.5880000000000001,507703.34375,243708.54516826436
1.5900000000000001,514709.34375,267393.18323301326
1.5920000000000001,522824.40625,292306.4510655356
1.5940000000000001,532463.375,318208.6252737281
1.5960000000000001,541393.4375,344853.45285439858
1.5980000000000001,551615.375,371990.69352799904
1.6000000000000001,561325.375,399368.62613967271
1.6020000000000001,568370.375,426736.49270692875
1.6040000000000001,577566.375,453846.85650886846
1.6060000000000001,585795.375,480457.85358911287
1.6080000000000001,592144.3125,506335.32008446299
1.6100000000000001,599899.25,531254.7808037739
1.6120000000000001,605060.1875,555003.28738713509
1.6140000000000001,609022.125,577381.09710834944
1.6160000000000001,613677.125,598203.18589150952
1.6180000000000001,619380.125,617300.59135829925
1.6200000000000001,624251.0625,634521.58368220041
1.6220000000000001,624804,649732.66368927504
1.6240000000000001,627316,662819.38901438483
1.6260000000000001,627659.9375,673687.03020890045
1.6280000000000001,629654.9375,682261.05952301319
1.6300000000000001,629000.9375,688487.47568118572
1.6320000000000001,625157.9375,692332.96836800466
1.6339999999999999,622380.875,693784.9263818094
1.6360000000000001,617848.875,692851.29353610799
1.6379999999999999,614507.8125,689560.27643537044
1.6400000000000001,610509.875,683959.9082636555
1.6419999999999999,603863.8125,676117.47274088347
1.6440000000000001,598965.8125,666118.79245896591
1.6459999999999999,591733.75,654067.38594067912
1.6480000000000001,584343.8125,640083.49799601967
1.6499999999999999,577022.75,624303.00830534555
1.6520000000000001,567210.75,606876.22365165059
1.6539999999999999,558256.6875,587966.55986453744
1.6560000000000001,550399.6875,567749.12032674847
1.6579999999999999,540818.6875,546409.17882504314
1.6600000000000001,530562.8125,524140.57558571832
1.6619999999999999,521502.84375,501144.03650137538
1.6640000000000001,510352.1875,477625.42679928511
1.6659999999999999,500387.40625,453793.95169027901
1.6680000000000001,492789.6875,429860.3178273731
1.6699999999999999,481710.625,406034.87065329915
1.6720000000000002,473187.65625,382525.72387499356
1.6739999999999999,465354.78125,359536.89832426945
1.6760000000000002,455247.875,337266.48829634854
1.6779999999999999,449085.8125,315904.87405675952
1.6800000000000002,441607.9375,295632.99952940072
1.6819999999999999,433028.9375,276620.73418886546
1.6840000000000002,428153.96875,259025.33785068526
1.6859999999999999,422586,242990.04636608696
1.6880000000000002,418011,228642.79517589428
1.6899999999999999,412908.96875,216095.09626656151
1.6920000000000002,410483.96875,205441.08231595633
1.694,405746.96875,196756.72974740714
1.6960000000000002,405202.96875,190099.27006646409
1.698,405282,185506.79628697719
1.7000000000000002,404105.96875,182998.06851906108
1.702,403698.96875,182572.51995653252
1.7040000000000002,405293.96875,184210.46163358277
1.706,406286.90625,187873.48148973912
1.7080000000000002,409166.78125,193505.03055692528
1.71,411027.65625,201031.18652694052
1.7120000000000002,415359.53125,210361.58263040814
1.714,420198.375,221390.48770871465
1.7160000000000002,422536.25,233998.02162902858
1.718,429556.15625,248051.48880773818
1.7200000000000002,435819.15625,263406.81158743601
1.722,440297.15625,279910.04456197098
1.7240000000000002,445947.1875,297398.95065809629
1.726,454046.21875,315704.61984426418
1.7280000000000002,458240.21875,334653.11172245553
1.73,465437.21875,354067.10393433942
1.7320000000000002,470165.25,373767.52924013085
1.734,475277.25,393575.18526405346
1.7360000000000002,483226.28125,413312.30219969689
1.738,490252.28125,432804.05518559908
1.7400000000000002,494063.28125,451880.00955249846
1.742,499365.3125,470375.48866572749
1.7440000000000002,505089.28125,488132.85560247797
1.746,508255.25,505002.70137899485
1.7480000000000002,511836.3125,520844.93385007157
1.75,516079.28125,535529.76271900814
1.7520000000000002,516705.21875,548938.57730401075
1.754,518242.09375,560964.71479537827
1.7560000000000002,519901.125,571514.11770126421
1.758,520791.1875,580505.88001736603
1.76,521780.125,587872.68237172673
1.762,520782,593561.11699738598
1.764,518848.96875,597531.90388408257
1.766,516498.96875,599759.99986917747
1.768,514732.96875,600234.60276262974
1.77,510270.9375,598959.05287800892
1.772,506169.875,595950.63457818492
1.774,501038.84375,591240.28065739968
1.776,494287.90625,584872.18258725666
1.778,490489.96875,576903.30986771348
1.78,482387.03125,567402.84195887367
1.782,474011.21875,556451.5165362556
1.784,467522.5,544140.89812024508
1.786,459942.5625,530572.57148531883
1.788,451560.65625,515857.26465946977
1.79,442294.71875,500113.90677888651
1.792,432154.6875,483468.62656391365
1.794,424523.6875,466053.69772301242
1.796,415008.6875,448006.43816269335
1.798,405184.78125,429468.07046998845
1.8,394605.75,410582.5517259292
1.802,385700.8125,391495.38128570525
1.804,374174.8125,372352.39570577972
1.806,366162.90625,353298.5604897025
1.8080000000000001,356238.9375,334476.76874321396
1.8100000000000001,348144.96875,316026.65715507895
1.8120000000000001,337901.96875,298083.44993438869
1.8140000000000001,330177.9375,280776.84142070357
1.8160000000000001,322258.9375,264229.92802586721
1.8180000000000001,314013.90625,248558.19995434611
1.8200000000000001,307329.90625,233868.60277442751
1.8220000000000001,299811.875,220258.67837305999
1.8240000000000001,294991.90625,207815.79412275294
1.8260000000000001,287218.90625,196616.46822612174
1.8280000000000001,283892.9375,186725.79819290209
1.8300000000000001,279142.96875,178196.99826058556
1.8320000000000001,275020.96875,171071.05031234736
1.8340000000000001,271242,165376.47149796094
1.8360000000000001,269716.0625,161129.20035015582
1.8380000000000001,267257.09375,158332.60173884171
1.8400000000000001,265557.125,156977.58954770627
1.8420000000000001,264780.125,157042.86452141218
1.8440000000000001,264195.15625,158495.26334601163
1.8460000000000001,264214.15625,161290.21371727996
1.8480000000000001,264759.15625,165372.28894652933
1.8500000000000001,266179.15625,170675.85457270817
1.8520000000000001,267287.15625,177125.79851126974
1.8540000000000001,269454.15625,184638.33548797827
1.8560000000000001,271031.1875,193121.87588924199
1.8580000000000001,273885.1875,202477.94871385972
1.8600000000000001,277839.1875,212602.16803508834
1.8620000000000001,279849.15625,223385.23227225529
1.8640000000000001,283330.21875,234713.94562017926
1.8660000000000001,286476.21875,246472.25118072887
1.8680000000000001,289561.15625,258542.26567056801
1.8700000000000001,293326.15625,270805.30602542538
1.8720000000000001,297615.09375,283142.89876684314
1.8740000000000001,299041.125,295437.76362370973
1.8760000000000001,303891.09375,307574.76358869165
1.8780000000000001,307760.09375,319441.81432101305
1.8800000000000001,311419.09375,330930.74656396057
1.8820000000000001,313209.0625,341938.1160120953
1.8840000000000001,315000.03125,352365.95582457876
1.8860000000000001,315616.03125,362122.46772516059
1.8880000000000001,319297.03125,371122.64834543294
1.8900000000000001,321313,379288.84814796218
1.8920000000000001,320793.9375,386551.26090387412
1.8940000000000001,321208.9375,392848.34229153034
1.8960000000000001,321277.9375,398127.15672742948
1.8980000000000001,320868.96875,402343.65203733696
1.9000000000000001,321012.9375,405462.86202677072
1.9020000000000001,318185.9375,407459.03741818055
1.9040000000000001,316650.9375,408315.70599189569
1.9060000000000001,315033.9375,408025.66310397052
1.9080000000000001,312135.9375,406590.89406197803
1.9100000000000001,308837.9375,404022.43012547493
1.9120000000000001,305430.90625,400340.14016691875
1.9140000000000001,299982.90625,395572.46028680704
1.9160000000000001,296239.90625,389756.06392873992
1.9180000000000001,291827.90625,382935.4752902831
1.9200000000000002,285907.875,375162.62907741137
1.9220000000000002,280495.875,366496.37990625447
1.9240000000000002,273874.84375,357001.96491732326
1.9260000000000002,267048.84375,346750.42343450076
1.9280000000000002,260768.875,335817.97777254618
1.9300000000000002,254742,324285.37957072229
1.9320000000000002,247160.109375,312237.2263026638
1.9340000000000002,240479.203125,299761.25287953933
1.9360000000000002,233768.171875,286947.60351910314
1.9380000000000002,224560.21875,273888.08929146943
1.9400000000000002,218811.234375,260675.43696630848
1.9420000000000002,211156.28125,247402.53496831976
1.9440000000000002,203246.296875,234161.68239129009
1.9460000000000002,196431.328125,221043.84711811037
1.9480000000000002,189871.328125,208137.93913816666
1.9500000000000002,182861.359375,195530.1051383687
1.9520000000000002,176751.390625,183303.0503642619
1.954,170708.4375,171535.39359925751
1.956,164842.46875,160301.06089011164
1.958,158796.46875,149668.72335410106
1.96,153245.453125,139701.2840385403
1.962,148420.46875,130455.41836807993
1.964,143866.46875,121981.17221417396
1.966,138476.5,114321.62105898977
1.968,134782.484375,107512.59311085935
1.97,131740.515625,101582.45856839059
1.972,127838.59375,96551.986535509321
1.974,124669.6015625,92434.270371067076
1.976,123984.59375,89234.721525790927
1.978,121707.578125,86951.131188185173
1.98,120099.59375,85573.798341711023
1.982,118968.5703125,85085.72213996666
1.984,117373.609375,85462.855845774815
1.986,117768.5625,86674.418964580938
1.988,117544.578125,88683.263641413403
1.99,117755.5703125,91446.290891814235
1.992,118347.5625,94914.9118069018
1.994,119341.5625,99035.548515751449
1.996,119791.5703125,103750.16940758245
1.998,121332.5703125,108996.85291312677
2,123277.578125,114710.37401860527
2.0019999999999998,124464.578125,120822.8076350909
2.004,126386.578125,127264.14296739508
2.0060000000000002,127918.578125,133962.90311535978
2.008,130591.59375,140846.76429105707
2.0099999999999998,132778.578125,147843.16924147427
2.012,133761.578125,154879.92972094001
2.0140000000000002,136959.5625,161885.81315326839
2.016,138066.546875,168791.10895338518
2.0179999999999998,140161.5625,175528.17033414173
2.02,141489.578125,182031.92779954404
2.0220000000000002,143825.5625,188240.37091369639
2.024,145184.5625,194094.99532964907
2.0259999999999998,146267.546875,199541.21245806967
2.028,147258.53125,204528.71954812668
2.0300000000000002,148254.515625,209011.82833781332
2.032,148013.5,212949.75080511192
2.0339999999999998,149250.484375,216306.84091252269
2.036,148677.46875,219052.79158390997
2.0380000000000003,148794.484375,221162.78648326339
2.04,149678.484375,222617.60647957644
2.0419999999999998,147322.484375,223403.69098053194
2.044,146868.46875,223513.15460074265
2.0460000000000003,145839.453125,222943.75989869298
2.048,143745.453125,221698.84717124887
2.0499999999999998,142557.453125,219787.22253685558
2.052,140648.4375,217223.00576948011
2.0540000000000003,137119.4375,214025.43956593008
2.056,135484.421875,210218.66214042588
2.0579999999999998,132105.421875,205831.44524271693
2.0600000000000001,128453.4453125,200896.89989013827
2.0620000000000003,125423.4921875,195452.15228961728
2.0640000000000001,122567.546875,189537.99260254184
2.0659999999999998,118332.5859375,183198.49937284467
2.0680000000000001,114802.59375,176480.64259548052
2.0700000000000003,110768.5859375,169433.86854714586
2.0720000000000001,106731.578125,162109.6696320737
2.0739999999999998,103377.59375,154561.14261063247
2.0760000000000001,99083.5703125,146842.53867526463
2.0780000000000003,95036.5859375,139008.80891450949
2.0800000000000001,90616.625,131115.14875906115
2.0819999999999999,86536.6171875,123216.54503146981
2.0840000000000001,82714.671875,115367.3292212884
2.0860000000000003,78484.7265625,107620.74057764049
2.0880000000000001,74621.765625,100028.50255006766
2.0899999999999999,71126.796875,92640.416014611532
2.0920000000000001,67555.796875,85503.972594450446
2.0940000000000003,64026.79296875,78663.991223036981
2.0960000000000001,60953.7890625,72162.280902513827
2.0979999999999999,58112.78125,66037.332382698238
2.1000000000000001,54961.796875,60324.041227046167
2.1020000000000003,52665.80859375,55053.464444605401
2.1040000000000001,49880.83203125,50252.612553574967
2.1059999999999999,47556.84375,45944.278606126623
2.1080000000000001,45595.859375,42146.905349931214
2.1100000000000003,43932.87109375,38874.491333214006
2.1120000000000001,42620.87109375,36136.53638250209
2.1139999999999999,41149.875,33938.026500082582
2.1160000000000001,40296.87109375,32279.45784690708
2.1180000000000003,39576.875,31156.899101358296
2.1200000000000001,39131.8828125,30562.091119999466
2.1219999999999999,38785.87890625,30482.58247798411
2.1240000000000001,38661.8828125,30901.899138764773
2.1260000000000003,39023.88671875,31799.74619916037
2.1280000000000001,39005.890625,33152.239380387582
2.1299999999999999,40034.88671875,34932.163691355068
2.1320000000000001,40289.88671875,37109.256479745993
2.1340000000000003,41073.88671875,39650.511911051057
2.1360000000000001,41756.875,42520.503776795733
2.1379999999999999,43560.85546875,45681.72343125422
2.1400000000000001,44828.82421875,49094.929590767832
2.1420000000000003,45532.8203125,52719.506700679995
2.1440000000000001,47061.79296875,56513.828580530186
2.1459999999999999,48766.77734375,60435.624096743326
2.1480000000000001,50209.78515625,64442.341681479353
2.1500000000000004,51589.78515625,68491.509614032722
2.1520000000000001,52654.78515625,72541.089104435494
2.1539999999999999,54096.77734375,76549.81736482319
2.1560000000000001,55648.78125,80477.538019691026
2.1580000000000004,56958.7890625,84285.516388270393
2.1600000000000001,57488.78125,87936.737368078015
2.1619999999999999,59231.765625,91396.183855208947
2.1640000000000001,60399.77734375,94631.093851586018
2.1660000000000004,61514.7734375,97611.19462955356
2.1680000000000001,62151.765625,100308.91254769916
2.1699999999999999,62342.76953125,102699.55733649773
2.1720000000000002,62901.76953125,104761.47989660806
2.1740000000000004,63464.74609375,106476.20287485285
2.1760000000000002,63438.74609375,107828.52350177306
2.1779999999999999,63363.75,108806.58838918013
2.1800000000000002,63901.734375,109401.94019545335
2.1820000000000004,63063.734375,109609.53626980408
2.1840000000000002,62598.73828125,109427.73958378739
2.1859999999999999,61247.73046875,108858.28244867166
2.1880000000000002,60614.73828125,107906.20370040902
2.1900000000000004,59857.75,106579.76020976026
2.1920000000000002,58662.765625,104890.31374319218
2.194,57871.78515625,102852.19436030602
2.1960000000000002,56716.796875,100482.54168534563
2.1980000000000004,54931.79296875,97801.12553348449
2.2000000000000002,53485.8125,94830.14750647216
2.202,51543.79296875,91594.025296457083
2.2040000000000002,49568.80078125,88119.161550539022
2.2060000000000004,47692.78125,84433.699251322672
2.2080000000000002,46110.80859375,80567.265659343539
2.21,44039.80078125,76550.706941138604
2.2119999999999997,42170.80859375,72415.815670807599
2.214,40270.8203125,68195.053442246121
2.2160000000000002,38601.8515625,63921.270862954894
2.218,36337.8671875,59627.427217566837
2.2199999999999998,34273.8828125,55346.312089043633
2.222,32455.896484375,51110.271207399965
2.2240000000000002,30637.892578125,46950.938759067642
2.226,28822.890625,42898.978334363324
2.2279999999999998,27292.888671875,38983.83461586036
2.23,25652.896484375,35233.497816724033
2.2320000000000002,24212.904296875,31674.282765758973
2.234,22895.9140625,28330.624405536404
2.2359999999999998,21497.92578125,25224.891322498966
2.238,20674.9296875,22377.218764463531
2.2400000000000002,19738.939453125,19805.362423008821
2.242,18778.94140625,17524.574067442747
2.2439999999999998,17926.94140625,15547.499915443632
2.246,17502.94140625,13884.102415105188
2.2480000000000002,17243.9453125,12541.605896357116
2.25,17235.943359375,11524.466329053588
2.2519999999999998,16995.9453125,10834.365202882598
2.254,17170.943359375,10470.2273232839
2.2560000000000002,17418.9453125,10428.262100333019
2.258,17905.9453125,10702.027696529804
2.2599999999999998,18400.947265625,11282.517197060026
2.262,19056.9453125,12158.265774625686
2.2640000000000002,19842.931640625,13315.47764242469
2.266,20718.916015625,14738.171425165234
2.2679999999999998,21422.90625,16408.342430712339
2.27,22992.892578125,18306.14017539817
2.2720000000000002,23716.89453125,20410.059405232576
2.274,24961.89453125,22697.14276396091
2.2759999999999998,26428.8984375,25143.193187529887
2.278,27550.896484375,27722.994053259667
2.2800000000000002,29546.896484375,30410.535080676684
2.282,30901.892578125,33179.241969174895
2.2839999999999998,32001.89453125,36002.207764856226
2.286,33173.890625,38852.423974063167
2.2880000000000003,34842.890625,41703.009483497328
2.29,36081.890625,44527.435404926451
2.2919999999999998,37709.87890625,47299.744035348333
2.294,38527.87890625,49994.760209475797
2.2960000000000003,39603.87109375,52588.293419306814
2.298,40848.8671875,55057.329183813294
2.2999999999999998,41539.87109375,57380.208268943155
2.302,42731.86328125,59536.792482960744
2.3040000000000003,43257.8515625,61508.615903042759
2.306,44389.8515625,63279.020524941763
2.3079999999999998,44855.8359375,64833.275467038315
2.3100000000000001,45076.85546875,66158.679002213903
2.3120000000000003,45531.8359375,67244.642834576487
2.3140000000000001,45991.83984375,68082.758182246966
2.3159999999999998,45699.8515625,68666.843371282754
2.3180000000000001,45936.85546875,68992.972788580446
2.3200000000000003,45852.83984375,69059.487182592362
2.3220000000000001,45616.8359375,68866.985439200987
2.3239999999999998,44954.84375,68418.298095550097
2.3260000000000001,44310.828125,67718.442986493421
2.3280000000000003,43732.83203125,66774.563545982935
2.3300000000000001,42649.828125,65595.850408755345
2.3319999999999999,41897.8359375,64193.447075469208
2.3340000000000001,41194.8203125,62580.340516581935
2.3360000000000003,40131.83984375,60771.237696108248
2.3380000000000001,38885.84375,58782.429095506086
2.3399999999999999,37922.84765625,56631.640409667198
2.3420000000000001,36199.85546875,54337.873670848698
2.3440000000000003,35514.8671875,51921.239131649403
2.3460000000000001,34207.875,49402.77930439535
2.3479999999999999,33036.87890625,46804.286610745039
2.3500000000000001,30929.890625,44148.116141576531
2.3520000000000003,30034.892578125,41456.995062528033
2.3540000000000001,28782.890625,38753.830224568621
2.3559999999999999,27317.89453125,36061.515551093238
2.3580000000000001,26081.890625,33402.740772940349
2.3600000000000003,24842.90625,30799.803070043159
2.3620000000000001,23504.90234375,28274.423153063079
2.3639999999999999,22518.91015625,25847.567280048239
2.3660000000000001,21675.916015625,23539.276652133212
2.3680000000000003,20869.92578125,21368.505568616252
2.3700000000000001,19876.939453125,19352.969645789526
2.3719999999999999,19020.939453125,17509.005316158211
2.3740000000000001,18521.939453125,15851.441725799223
2.3760000000000003,18024.935546875,14393.486038380208
2.3780000000000001,17572.94140625,13146.623035739647
2.3799999999999999,17311.939453125,12120.529778059179
2.3820000000000001,17559.9453125,11323.005952662017
2.3840000000000003,17213.943359375,10759.92040081423
2.3860000000000001,17365.943359375,10435.174167898995
2.3879999999999999,17569.94140625,10350.680275566729
2.3900000000000001,17752.9453125,10506.360266444875
2.3920000000000003,18286.9453125,10900.157424293584
2.3940000000000001,19056.943359375,11528.066426710689
2.3959999999999999,19540.939453125,12384.179045149802
2.3980000000000001,20375.927734375,13460.74536960042
2.4000000000000004,21370.9140625,14748.249904228192
2.4020000000000001,22372.90625,16235.501756867607
2.4039999999999999,23670.8984375,17909.738030710461
2.4060000000000001,24542.89453125,19756.739421897153
2.4080000000000004,25739.89453125,21760.956932886889
2.4100000000000001,27495.8984375,23905.648529227376
2.4119999999999999,28364.8984375,26173.024497229806
2.4140000000000001,29867.896484375,28544.40020246926
2.4160000000000004,31014.890625,31000.35490429249
2.4180000000000001,32957.89453125,33520.895249610039
2.4199999999999999,34311.890625,36085.622050158185
2.4220000000000002,35930.890625,38673.898940913859
2.4240000000000004,37342.88671875,41265.02152304125
2.4260000000000002,38498.8828125,43838.385612206876
2.4279999999999999,40266.8828125,46373.653241709872
2.4300000000000002,41157.875,48850.915108964276
2.4320000000000004,42558.84375,51250.848202756621
2.4340000000000002,43506.84765625,53554.867406528465
2.4359999999999999,45256.8359375,55745.269938902638
2.4380000000000002,45829.828125,57805.371565957175
2.4400000000000004,47275.80859375,59719.633599473927
2.4420000000000002,48099.8046875,61473.779780685785
2.444,48633.8046875,63054.902239160103
2.4460000000000002,49474.796875,64451.555810462953
2.4480000000000004,49953.8046875,65653.84009350001
2.4500000000000002,50191.8046875,66653.468728090811
2.452,50730.8046875,67443.825474753306
2.4540000000000002,50342.80859375,68020.006781186181
2.4560000000000004,51138.81640625,68378.85062290034
2.4580000000000002,50931.796875,68518.951508311991
2.46,50564.82421875,68440.661640790029
2.4620000000000002,50395.8203125,68146.078331140467
2.4640000000000004,49652.8125,67639.017853306039
2.4660000000000002,49739.82421875,66924.976033191677
2.468,48671.83203125,66011.075955004562
2.4699999999999998,48130.828125,64906.003260870857
2.472,47448.82421875,63619.929607356149
2.4740000000000002,46564.8203125,62164.42492627757
2.476,45869.828125,60552.359216604927
2.4779999999999998,44437.82421875,58797.794668618342
2.48,43390.8203125,56915.86899055641
2.4820000000000002,41502.84765625,54922.670871152113
2.484,40955.82421875,52835.108568295625
2.4859999999999998,40025.84375,50670.772664170458
2.488,38447.85546875,48447.794070041702
2.4900000000000002,37212.8515625,46184.698399111403
2.492,36059.8671875,43900.257852996678
2.4939999999999998,34208.8828125,41613.341786158147
2.496,33300.87890625,39342.767122639409
2.4980000000000002,31652.888671875,37107.149800494255
2.5,30561.890625,34924.758411140341
2.5019999999999998,29330.896484375,32813.371183415053
2.504,28149.892578125,30790.137435283428
2.5060000000000002,26936.90234375,28871.444580026538
2.508,25712.9140625,27072.791728434371
2.5099999999999998,24931.916015625,25408.670874354226
2.512,23963.923828125,23892.456588142988
2.5140000000000002,22936.92578125,22536.305071718918
2.516,22908.931640625,21351.063350442852
2.5179999999999998,22386.931640625,20346.189291756455
2.52,21487.935546875,19529.683048998781
2.5220000000000002,21388.935546875,18908.030432055952
2.524,20879.9375,18486.158605292068
2.5259999999999998,20480.935546875,18267.404408625218
2.528,20940.9375,18253.495490603553
2.5300000000000002,20754.935546875,18444.544334013237
2.532,20785.9375,18839.055145989169
2.5339999999999998,21226.939453125,19433.943476867273
2.536,21491.9296875,20224.568326224402
2.5380000000000003,22010.916015625,21204.776391712709
2.54,22674.9140625,22366.958017444547
2.5419999999999998,23260.912109375,23702.114304735915
2.544,23730.900390625,25199.934759887823
2.5460000000000003,24813.89453125,26848.884772104015
2.548,26043.89453125,28636.302140396536
2.5499999999999998,26746.892578125,30548.501801902992
2.552,27741.892578125,32570.88785603127
2.5540000000000003,28713.89453125,34688.071929555175
2.556,30251.89453125,36883.996887539492
2.5579999999999998,31537.8984375,39142.064863848325
2.5600000000000001,32703.892578125,41445.268563164136
2.5620000000000003,34315.890625,43776.324773716784
2.5640000000000001,35509.88671875,46117.809026276322
2.5659999999999998,36485.890625,48452.290340043532
2.5680000000000001,37579.88671875,50762.465009686421
2.5700000000000003,39043.87890625,53031.288409397086
2.5720000000000001,40009.8828125,55242.103819175405
2.5739999999999998,40796.87109375,57378.767314936056
2.5760000000000001,41994.875,59425.767807125674
2.5780000000000003,43377.84375,61368.341361598847
2.5800000000000001,44331.84375,63192.578991069298
2.5819999999999999,45390.83984375,64885.527164882616
2.5840000000000001,45670.83984375,66435.280348591696
2.5860000000000003,46746.81640625,67831.06495223158
2.5880000000000001,47475.81640625,69063.314136744782
2.5899999999999999,47643.82421875,70123.733001141984
2.5920000000000001,48163.81640625,71005.353748111316
2.5940000000000003,48862.828125,71702.580502467259
2.5960000000000001,48601.8359375,72211.223534492645
2.5979999999999999,48940.8203125,72528.522718435735
2.6000000000000001,49199.82421875,72653.160134711346
2.6020000000000003,49078.8359375,72585.261802302397
2.6040000000000001,48938.83203125,72326.388605030792
2.6059999999999999,48313.828125,71879.516551375622
2.6080000000000001,48073.828125,71249.006581968395
2.6100000000000003,47949.828125,70440.56421144557
2.6120000000000001,46827.83984375,69461.189361536701
2.6139999999999999,46722.83203125,68319.116809865169
2.6160000000000001,45497.828125,67023.747743475818
2.6180000000000003,44665.83984375,65585.572967283355
2.6200000000000001,44101.8359375,64016.08837506859
2.6219999999999999,43009.8359375,62327.703344034046
2.6240000000000001,41819.8359375,60533.642762852563
2.6260000000000003,40748.83984375,58647.843447322106
2.6280000000000001,39651.84375,56684.845736794552
2.6299999999999999,38320.8515625,54659.681098234178
2.6320000000000001,37375.859375,52587.756592650541
2.6340000000000003,35935.8671875,50484.737080629493
2.6360000000000001,34613.87109375,48366.426059331978
2.6379999999999999,33505.87109375,46248.646032569421
2.6400000000000001,32267.87890625,44147.119318113611
2.6420000000000003,30734.890625,42077.350192180071
2.6440000000000001,29308.892578125,40054.509259930492
2.6459999999999999,28304.89453125,38093.32092285165
2.6480000000000001,27486.89453125,36207.954789033851
2.6500000000000004,26144.904296875,34411.921840730371
2.6520000000000001,25345.912109375,32717.976135391193
2.6539999999999999,24041.9140625,31138.022771790624
2.6560000000000001,23102.916015625,29683.032802227899
2.6580000000000004,22040.919921875,28362.965715487535
2.6600000000000001,21458.927734375,27186.70005370451
2.6619999999999999,20565.927734375,26161.97266001048
2.6640000000000001,19724.931640625,25295.326983421368
2.6660000000000004,19032.935546875,24592.070793477651
2.6680000000000001,18568.93359375,24056.243580325019
2.6699999999999999,18233.9375,23690.593836950386
2.6720000000000002,18018.9375,23496.566339908979
2.6740000000000004,17605.94140625,23474.299463811454
2.6760000000000002,17562.943359375,23622.632483907288
2.6779999999999999,17467.939453125,23939.122741018557
2.6800000000000002,17571.94140625,24420.072464633329
2.6820000000000004,17377.943359375,25060.564973865265
2.6840000000000002,17765.943359375,25854.509902958252
2.6859999999999999,18161.943359375,26794.697028677539
2.6880000000000002,18250.943359375,27872.858211928633
2.6900000000000004,18824.939453125,29079.736905802492
2.6920000000000002,19016.939453125,30405.164627482707
2.694,19619.9375,31838.143742434011
2.6960000000000002,20410.92578125,33366.93586642405
2.6980000000000004,21124.919921875,34979.155154439803
2.7000000000000002,21760.912109375,36661.865715682405
2.702,22504.9140625,38401.682370622366
2.7040000000000002,23205.90234375,40184.873949699613
2.7060000000000004,23961.8984375,41997.468323552603
2.7080000000000002,24766.890625,43825.358351647235
2.71,25664.8984375,45654.407939617107
2.7120000000000002,26502.888671875,47470.557405406071
2.7140000000000004,27126.890625,49259.927370066267
2.7160000000000002,27973.890625,51008.920410611638
2.718,29472.890625,52704.319739214399
2.7199999999999998,29623.892578125,54333.384204983755
2.722,30547.888671875,55883.93895111615
2.7240000000000002,31142.888671875,57344.461101018969
2.726,31810.884765625,58704.159891552743
2.7279999999999998,32751.888671875,59953.05071952346
2.73,33290.87890625,61082.022618419272
2.7320000000000002,33765.87890625,62082.898735785086
2.734,34032.875,62948.489437101802
2.7359999999999998,34417.875,63672.637719197097
2.738,34859.87890625,64250.256674609998
2.7400000000000002,35452.875,64677.358807632416
2.742,35076.875,64951.077062534525
2.7439999999999998,35764.87109375,65069.677484398992
2.746,35725.8671875,65032.563492679437
2.7480000000000002,35389.8671875,64840.271806741373
2.75,35282.8671875,64494.460120892036
2.7519999999999998,34731.87109375,63997.886683443125
2.754,34553.8671875,63354.381989891001
2.7560000000000002,34438.86328125,62568.812854016644
2.758,33803.8671875,61647.039172333163
2.7599999999999998,33554.86328125,60595.863746552772
2.762,33215.87109375,59422.975575334865
2.7640000000000002,32302.876953125,58136.887070232486
2.766,31666.8671875,56746.86569124111
2.7679999999999998,30540.880859375,55262.860534408283
2.77,30102.87890625,53695.424437304289
2.7720000000000002,29505.88671875,52055.632197662446
2.774,28682.888671875,50354.995525789745
2.7759999999999998,27359.900390625,48605.375372424263
2.778,26750.90234375,46818.892290194563
2.7800000000000002,25871.908203125,45007.835498729131
2.782,24951.916015625,43184.571330525403
2.7839999999999998,23772.904296875,41361.451736864445
2.786,22651.908203125,39550.723530294701
2.7880000000000003,21885.916015625,37764.439032384391
2.79,21008.921875,36014.368782702353
2.7919999999999998,19828.91796875,34311.916947213351
2.794,19149.92578125,32668.040041687003
2.7960000000000003,18227.9296875,31093.169558373582
2.798,17171.94140625,29597.139052283263
2.7999999999999998,16205.94140625,28189.116207169351
2.8020000000000005,15432.9462890625,26877.54036099001
2.8040000000000003,14701.9453125,25670.065926547602
2.806,13989.9501953125,24573.512095493217
2.8079999999999998,13346.95703125,23593.819163383461
2.8100000000000005,12670.955078125,22736.01176035239
2.8120000000000003,12141.95703125,22004.169216711976
2.8140000000000001,11426.9580078125,21401.403235883317
2.8159999999999998,10996.9638671875,20929.842988989607
2.8180000000000005,10343.966796875,20590.627686734679
2.8200000000000003,10030.966796875,20383.906625363714
2.8220000000000001,9909.96875,20308.846645082984
2.8239999999999998,9692.9677734375,20363.646881828179
2.8260000000000005,9516.96875,20545.560637210674
2.8280000000000003,9362.9677734375,20850.924137347152
2.8300000000000001,9214.96875,21275.191899536163
2.8319999999999999,9482.9697265625,21812.978376839623
2.8340000000000005,9485.9697265625,22458.10550493914
2.8360000000000003,9552.970703125,23203.655733559677
2.8380000000000001,9621.9677734375,24042.030086572726
2.8399999999999999,9890.96484375,24965.010760895679
2.8420000000000005,10170.9609375,25963.827744739294
2.8440000000000003,10428.9638671875,27029.228910764596
2.8460000000000001,10862.958984375,28151.553019450668
2.8479999999999999,11268.9501953125,29320.805052495532
2.8499999999999996,11526.9501953125,30526.733285457358
2.8520000000000003,12136.94921875,31758.907502996601
2.8540000000000001,12466.9462890625,33006.797759027671
2.8559999999999999,12930.947265625,34259.853087662472
2.8579999999999997,13499.94921875,35507.579578924684
2.8600000000000003,14003.9482421875,36739.617245651745
2.8620000000000001,14529.9482421875,37945.815124562127
2.8639999999999999,14725.9462890625,39116.304074948384
2.8659999999999997,15472.9462890625,40241.566762557326
2.8680000000000003,15865.9453125,41312.504343725464
2.8700000000000001,16195.9462890625,42320.499395406558
2.8719999999999999,16392.9453125,43257.474670106749
2.8739999999999997,16974.943359375,44115.947290559277
2.8760000000000003,17472.943359375,44889.078037020605
2.8780000000000001,17792.94140625,45570.71541989957
2.8799999999999999,18030.939453125,46155.434271857113
2.8819999999999997,18288.94140625,46638.56863613418
2.8840000000000003,18336.9375,47016.238771430675
2.8860000000000001,18907.935546875,47285.372137818136
2.8879999999999999,18654.939453125,47443.71827268663
2.8899999999999997,19072.93359375,47489.857510254464
2.8920000000000003,18981.939453125,47423.203542473813
2.8940000000000001,19238.9296875,47243.999862960547
2.8959999999999999,18961.93359375,46953.310178594009
2.8979999999999997,19206.931640625,46553.002915425903
2.9000000000000004,18935.9296875,46045.729986270089
2.9020000000000001,18775.93359375,45434.900026569245
2.9039999999999999,18447.931640625,44724.646342611879
2.9059999999999997,18031.931640625,43919.789851742978
2.9080000000000004,18030.93359375,43025.797327572771
2.9100000000000001,17575.93359375,42048.735294245897
2.9119999999999999,16856.9296875,40995.219942295749
2.9139999999999997,16711.93359375,39872.363464414826
2.9160000000000004,16221.9345703125,38687.717232331866
2.9180000000000001,15835.9365234375,37449.212255863742
2.9199999999999999,15251.939453125,36165.097381883905
2.9219999999999997,14981.9443359375,34843.875704367383
2.9240000000000004,14172.9462890625,33494.239666660054
2.9260000000000002,13829.9482421875,32125.005343696586
2.9279999999999999,13241.94921875,30745.046394859943
2.9299999999999997,12687.9521484375,29363.228177662477
2.9320000000000004,12033.953125,27988.342508252346
2.9340000000000002,11367.9462890625,26629.043547080633
2.9359999999999999,10654.9560546875,25293.785276787698
2.9379999999999997,10383.955078125,23990.761024717307
2.9400000000000004,9614.9609375,22727.845464378413
2.9420000000000002,9202.9599609375,21512.539508884027
2.944,8406.9677734375,20351.918485018679
2.9459999999999997,8133.97265625,19252.583949301563
2.9480000000000004,7461.97265625,18220.619477437514
2.9500000000000002,7054.97314453125,17261.550726099453
2.952,6717.974609375,16380.31003138622
2.9539999999999997,6095.97607421875,15581.205771733183
2.9560000000000004,5707.97705078125,14867.896684916268
2.9580000000000002,5160.9814453125,14243.371289345207
2.96,4961.9814453125,13709.932519427888
2.9619999999999997,4572.98388671875,13269.187643791414
2.9640000000000004,4263.98486328125,12922.043493834019
2.9660000000000002,3981.985595703125,12668.706988901316
2.968,3695.987060546875,12508.69090359009
2.9699999999999998,3725.987060546875,12440.824782703035
2.9720000000000004,3358.988525390625,12463.270870490065
2.9740000000000002,3396.98779296875,12573.544883360062
2.976,3404.988037109375,12768.541419544108
2.9779999999999998,3227.98876953125,13044.563765497303
2.9800000000000004,3211.988525390625,13397.357827430409
2.9820000000000002,3230.98779296875,13822.149887487361
2.984,3295.98779296875,14313.687857944517
2.9859999999999998,3315.9873046875,14866.285683574737
2.9880000000000004,3414.987548828125,15473.870522170102
2.9900000000000002,3521.98681640625,16130.032316228815
2.992,3687.98681640625,16828.075355123256
2.9939999999999998,3872.986328125,17561.071416672301
2.9960000000000004,3978.985107421875,18321.914070035771
2.9980000000000002,4276.984375,19103.373718163122
3,4392.98193359375,19898.152957669867
3.0019999999999998,4804.97998046875,20698.941836908703
3.0040000000000004,4918.97998046875,21498.472599040109
3.0060000000000002,5322.978515625,22289.573506035038
3.008,5345.97705078125,23065.221351537959
3.0099999999999998,5749.97412109375,23818.592285331844
3.0120000000000005,5767.97314453125,24543.110589512657
3.0140000000000002,6128.97216796875,25232.495066293661
3.016,6301.97314453125,25880.802719367239
3.0179999999999998,6569.9736328125,26482.469434775619
3.0200000000000005,6849.970703125,27032.347393065265
3.0220000000000002,6984.97265625,27525.738971888601
3.024,7149.97119140625,27958.426926964243
3.0259999999999998,7221.9736328125,28326.700669168338
3.0280000000000005,7402.96923828125,28627.378486295413
3.0300000000000002,7556.970703125,28857.825589452961
3.032,7767.9716796875,29015.967895931524
3.0339999999999998,7869.96875,29100.301492475828
3.0360000000000005,7848.970703125,29109.897754990703
3.0380000000000003,7875.96923828125,29044.404132585263
3.04,7786.97119140625,28904.040635331265
3.0419999999999998,7988.96923828125,28689.592095952437
3.0440000000000005,7880.9697265625,28402.396305678802
3.0460000000000003,7732.96826171875,28044.328153522583
3.048,7765.96875,27617.779926061121
3.0499999999999998,7623.9697265625,27125.637951276003
3.0520000000000005,7425.96875,26571.25579494972
3.0540000000000003,7420.96875,25958.424241386128
3.056,7222.970703125,25291.338311652868
3.0579999999999998,7055.970703125,24574.561592051188
3.0600000000000005,6820.9736328125,23812.98816289879
3.0620000000000003,6665.97412109375,23011.802432941564
3.0640000000000001,6383.97607421875,22176.437197626681
3.0659999999999998,6130.97509765625,21312.53025002213
3.0680000000000005,5836.97705078125,20425.879881277808
3.0700000000000003,5804.97607421875,19522.399613128098
3.0720000000000001,5504.97607421875,18608.072508018522
3.0739999999999998,5075.9775390625,17688.90540295828
3.0760000000000005,4806.978515625,16770.883411152365
3.0780000000000003,4602.9794921875,15859.925030901604
3.0800000000000001,4368.98095703125,14961.838194141048
3.0819999999999999,4104.984375,14082.277577463343
3.0840000000000005,3882.984130859375,13226.703486515504
3.0860000000000003,3676.986328125,12400.342610439793
3.0880000000000001,3320.987548828125,11608.150926610551
3.0899999999999999,3110.9873046875,10854.779017454121
3.0920000000000005,2916.988037109375,10144.540040753078
3.0940000000000003,2688.98828125,9481.3805727222007
3.0960000000000001,2416.989501953125,8868.8545194400958
3.0979999999999999,2155.990966796875,8310.1002671631468
3.1000000000000005,2092.991943359375,7807.8212158038423
3.1020000000000003,1941.9921875,7364.2698126656223
3.1040000000000001,1759.9931640625,6981.2351756037042
3.1059999999999999,1658.99365234375,6660.0343663583953
3.1079999999999997,1517.9937744140625,6401.5073461187949
3.1100000000000003,1430.994873046875,6206.0156166590705
3.1120000000000001,1332.9952392578125,6073.444521880856
3.1139999999999999,1243.994873046875,6003.2091565271867
3.1159999999999997,1219.9951171875,5994.2638014372442
3.1180000000000003,1220.9957275390625,6045.1147781988011
3.1200000000000001,1136.9954833984375,6153.8365906471008
3.1219999999999999,1161.9952392578125,6318.0911965493096
3.1239999999999997,1281.9945068359375,6535.1502301824567
3.1260000000000003,1299.9945068359375,6801.9199755426662
3.1280000000000001,1281.9947509765625,7114.9688707491832
3.1299999999999999,1295.9945068359375,7470.5573069833154
3.1319999999999997,1366.99365234375,7864.6694701215474
3.1340000000000003,1530.99365234375,8293.0469602080866
3.1360000000000001,1616.9930419921875,8751.2239131052465
3.1379999999999999,1714.9925537109375,9234.563340156019
3.1399999999999997,1808.992431640625,9738.2943954790881
3.1420000000000003,1931.992431640625,10257.550276657426
3.1440000000000001,1975.990966796875,10787.406463021716
3.1459999999999999,2200.990478515625,11322.918996486284
3.1479999999999997,2271.989013671875,11859.162512893769
3.1500000000000004,2302.9892578125,12391.267737025299
3.1520000000000001,2627.988037109375,12914.458161746536
3.1539999999999999,2635.9892578125,13424.085641107811
3.1559999999999997,2738.987548828125,13915.664638468979
3.1580000000000004,2821.987060546875,14384.904883801983
3.1600000000000001,3000.98681640625,14827.742209059774
3.1619999999999999,3085.98681640625,15240.367346791703
3.1639999999999997,3165.98681640625,15619.252494862147
3.1660000000000004,3174.98583984375,15961.175469056347
3.1680000000000001,3383.98583984375,16263.241285367767
3.1699999999999999,3380.986328125,16522.901034695868
3.1719999999999997,3346.9853515625,16737.967934384389
3.1740000000000004,3436.98583984375,16906.630463322213
3.1760000000000002,3528.9853515625,17027.462510056277
3.1779999999999999,3622.986328125,17099.430486357418
3.1799999999999997,3560.986572265625,17121.897381765382
3.1820000000000004,3587.98583984375,17094.623757671608
3.1840000000000002,3490.986572265625,17017.765702303412
3.1859999999999999,3531.98486328125,16891.869790398327
3.1879999999999997,3554.985595703125,16717.865113259541
3.1900000000000004,3483.98583984375,16497.052466102552
3.1920000000000002,3389.98583984375,16231.090800009
3.194,3236.98681640625,15921.981065253791
3.1959999999999997,3215.985595703125,15572.04759114998
3.1980000000000004,3071.98681640625,15183.917164718701
3.2000000000000002,3079.986572265625,14760.495986357868
3.202,2965.98876953125,14304.944695119148
3.2039999999999997,2844.98779296875,13820.651669139816
3.2060000000000004,2789.98828125,13311.204818104794
3.2080000000000002,2607.98876953125,12780.362094283073
3.21,2476.98974609375,12232.020956615928
3.2119999999999997,2296.990234375,11670.187028478053
3.2140000000000004,2183.989990234375,11098.942194063169
3.2160000000000002,2027.9912109375,10522.412380817421
3.218,1925.991943359375,9944.7352759522018
3.2199999999999998,1915.991455078125,9370.0282238176715
3.2220000000000004,1681.992431640625,8802.3565478115597
3.2240000000000002,1600.993408203125,8245.7025355697806
3.226,1469.9942626953125,7703.9353194657024
3.2279999999999998,1361.994873046875,7180.7818760148393
3.2300000000000004,1326.994384765625,6679.7993576678728
3.2320000000000002,1180.995361328125,6204.3489587969207
3.234,1163.9947509765625,5757.5715045122861
3.2359999999999998,1007.9962158203125,5342.3649363980958
3.2380000000000004,1063.995849609375,4961.3638534477595
3.2400000000000002,970.9959716796875,4616.9212495344445
3.242,949.9962158203125,4311.0925708172072
3.2439999999999998,909.99627685546875,4045.6221976933775
3.2460000000000004,872.99658203125,3821.9324364220524
3.2480000000000002,846.99652099609375,3641.1150855241153
3.25,914.99627685546875,3503.925621659429
3.2519999999999998,904.9967041015625,3410.7800290857372
3.2540000000000004,904.99658203125,3361.7542761442714
3.2560000000000002,903.99609375,3356.5864217012072
3.258,979.9957275390625,3394.6813142348456
3.2599999999999998,1081.994873046875,3475.117826478107
3.2620000000000005,1167.994140625,3596.6585493474718
3.2640000000000002,1170.9945068359375,3757.7618504703664
3.266,1278.994384765625,3956.596185104429
3.2679999999999998,1418.9932861328125,4191.0565307489087
3.2700000000000005,1386.993408203125,4458.7828014205497
3.2720000000000002,1545.992431640625,4757.1800834922851
3.274,1693.9927978515625,5083.4405222963687
3.2759999999999998,1848.991943359375,5434.5666774372794
3.2780000000000005,1841.991943359375,5807.3961550408367
3.2800000000000002,2047.9920654296875,6198.627317019902
3.282,2194.98974609375,6604.8458609332392
3.2839999999999998,2307.989501953125,7022.5520591565282
3.2860000000000005,2370.989501953125,7448.1884429232778
3.2880000000000003,2455.988525390625,7878.1677152970742
3.29,2601.988037109375,8308.9006773253459
3.2919999999999998,2713.98779296875,8736.8239534512013
3.2940000000000005,2860.98681640625,9158.4273057060327
3.2960000000000003,2978.9873046875,9570.2803312147789
3.298,2988.986572265625,9969.0583440572027
3.2999999999999998,3220.986328125,10351.567250483427
3.3020000000000005,3186.986328125,10714.767235786052
3.3040000000000003,3241.98681640625,11055.795091719021
3.306,3364.986083984375,11371.98502510172
3.3079999999999998,3379.98681640625,11660.887801082585
3.3100000000000005,3364.986083984375,11920.288088331259
3.3120000000000003,3502.98583984375,12148.219888079764
3.3140000000000001,3471.9853515625,12342.979944322653
3.3159999999999998,3471.98583984375,12503.139048489182
3.3180000000000005,3443.98681640625,12627.551168407388
3.3200000000000003,3479.986572265625,12715.360348245564
3.3220000000000001,3421.9853515625,12766.005343246401
3.3239999999999998,3385.98486328125,12779.22197030284
3.3260000000000005,3258.9873046875,12755.043172674841
3.3280000000000003,3249.9873046875,12693.796814261386
3.3300000000000001,3215.98681640625,12596.101235719148
3.3319999999999999,3095.988037109375,12462.858621234145
3.3340000000000005,3107.9873046875,12295.246240793615
3.3360000000000003,3063.987548828125,12094.705648260036
3.3380000000000001,2936.98828125,11862.929930310476
3.3399999999999999,2923.98876953125,11601.849115282217
3.3420000000000005,2627.98974609375,11313.613864048144
3.3440000000000003,2618.989013671875,11000.577577155451
3.3460000000000001,2446.990478515625,10665.277063517191
3.3479999999999999,2349.98974609375,10310.411925870494
3.3500000000000005,2223.989990234375,9938.822826928219
3.3520000000000003,2186.990478515625,9553.4688076287239
3.3540000000000001,1991.991455078125,9157.4038350315477
3.3559999999999999,1907.991943359375,8753.7527622261186
3.3580000000000005,1711.992431640625,8345.6868860350423
3.3600000000000003,1594.9932861328125,7936.3992903263525
3.3620000000000001,1583.99365234375,7529.080163347905
3.3639999999999999,1447.9945068359375,7126.8922766952273
3.3659999999999997,1309.994384765625,6732.9468113055382
3.3680000000000003,1252.9949951171875,6350.2797122605771
3.3700000000000001,1176.994873046875,5981.8287492264262
3.3719999999999999,1074.995361328125,5630.4114530657662
3.3739999999999997,1019.99560546875,5298.7040916173692
3.3760000000000003,949.9962158203125,4989.2218388707543
3.3780000000000001,941.99627685546875,4704.3002818762006
3.3799999999999999,876.996826171875,4446.0783987695231
3.3819999999999997,848.996826171875,4216.4831293707412
3.3840000000000003,831.99658203125,4017.2156470119585
3.3860000000000001,810.996826171875,3849.7394266780625
3.3879999999999999,814.9967041015625,3715.2701903028237
3.3899999999999997,822.99658203125,3614.7677952797567
3.3920000000000003,849.99639892578125,3548.9301170222616
3.3940000000000001,938.9959716796875,3518.1889608815277
3.3959999999999999,952.9954833984375,3522.7080230132046
3.3979999999999997,1021.9949951171875,3562.3829040086657
3.4000000000000004,1136.994384765625,3636.8431633942096
3.4020000000000001,1235.994384765625,3745.4563875776653
3.4039999999999999,1301.993896484375,3887.3342286089623
3.4059999999999997,1337.993408203125,4061.3403563347752
3.4080000000000004,1361.9935302734375,4266.1002522830022
3.4100000000000001,1575.99267578125,4500.012760022656
3.4119999999999999,1609.9931640625,4761.2632939032883
3.4139999999999997,1719.992919921875,5047.8385960824189
3.4160000000000004,1966.99169921875,5357.5429207000607
3.4180000000000001,1957.9912109375,5688.01551400676
3.4199999999999999,2093.990478515625,6036.749250296657
3.4219999999999997,2361.988525390625,6401.1102756726032
3.4240000000000004,2464.988525390625,6778.3585050494639
3.4260000000000002,2506.988037109375,7165.6688123977783
3.4279999999999999,2729.987060546875,7560.1527501022947
3.4299999999999997,2797.988037109375,7958.8806304484551
3.4320000000000004,3043.986572265625,8358.903800680524
3.4340000000000002,2998.98681640625,8757.2769427945113
3.4359999999999999,3157.987060546875,9151.0802302159827
3.4379999999999997,3220.98583984375,9537.4411757543603
3.4400000000000004,3389.98486328125,9913.5560086914375
3.4420000000000002,3432.98486328125,10276.710423503348
3.444,3635.9853515625,10624.299548500203
3.4459999999999997,3686.984375,10953.846989523654
3.4480000000000004,3714.98583984375,11263.022811720884
3.4500000000000002,3798.984619140625,11549.660331238914
3.452,3799.98486328125,11811.771598385321
3.4539999999999997,3929.98388671875,12047.56146429096
3.4560000000000004,3956.98486328125,12255.440134321452
3.4580000000000002,3967.984619140625,12434.034123307434
3.46,4057.98486328125,12582.195540029303
3.4619999999999997,3955.9853515625,12699.009641186487
3.4640000000000004,3835.9853515625,12783.800608230165
3.4660000000000002,3903.984619140625,12836.13551382311
3.468,3883.98583984375,12855.826458238849
3.4699999999999998,3702.98486328125,12842.930869602133
3.4720000000000004,3856.9833984375,12797.749975425291
3.4740000000000002,3796.98388671875,12720.825466315166
3.476,3708.98486328125,12612.934385898863
3.4779999999999998,3642.98486328125,12475.08229388636
3.4800000000000004,3569.9853515625,12308.49476162738
3.4820000000000002,3347.98583984375,12114.607271478237
3.484,3454.985595703125,11895.05360265898
3.4859999999999998,3264.987548828125,11651.652797004535
3.4880000000000004,3107.988037109375,11386.39480799121
3.4900000000000002,2987.98876953125,11101.424945613349
3.492,2865.9873046875,10799.027238007408
3.4939999999999998,2760.989013671875,10481.606838136822
3.4960000000000004,2596.98876953125,10151.671610286894
3.4980000000000002,2503.989013671875,9811.8130365596644
3.5,2351.990234375,9464.6865879324123
3.5019999999999998,2247.990478515625,9112.9917077631926
3.5040000000000004,2081.991943359375,8759.4515578229257
3.5060000000000002,2013.99169921875,8406.7926780406888
3.508,1898.9921875,8057.7247111130746
3.5099999999999998,1851.992431640625,7714.9203420026352
3.5120000000000005,1684.9931640625,7380.9956000898392
3.5140000000000002,1450.993896484375,7058.4906684184098
3.516,1469.994140625,6749.8513400732227
3.5179999999999998,1374.9945068359375,6457.4112563079443
3.5200000000000005,1290.9949951171875,6183.3750546349665
3.5220000000000002,1162.9954833984375,5929.8025477471538
3.524,1104.995361328125,5698.594045926332
3.5259999999999998,1052.995849609375,5491.4769265652467
3.5280000000000005,1050.9959716796875,5309.9935446560276
3.5300000000000002,983.99609375,5155.490567669649
3.532,978.99652099609375,5029.1098072263676
3.5339999999999998,914.99639892578125,4931.7806084490103
3.5360000000000005,888.9962158203125,4864.2138459651187
3.5380000000000003,925.99627685546875,4826.8975632943639
3.54,982.9962158203125,4820.0942799031072
3.5419999999999998,986.9957275390625,4843.8399776380174
3.5440000000000005,1004.9954833984375,4897.9447656557559
3.5460000000000003,1022.9954223632812,4981.9952104447648
3.548,1058.994873046875,5095.3583051883206
3.5499999999999998,1091.99462890625,5237.1870406326289
3.5520000000000005,1238.9940185546875,5406.4275278973864
3.5540000000000003,1322.993408203125,5601.8276123889145
3.556,1314.994140625,5821.9469072194315
3.5579999999999998,1459.99365234375,6065.1681643952752
3.5600000000000005,1583.9931640625,6329.7098925779683
3.5620000000000003,1617.9931640625,6613.640121503825
3.5640000000000001,1673.9931640625,6914.8912052525575
3.5659999999999998,1840.9921875,7231.2755495068595
3.5680000000000005,1941.9913330078125,7560.5021418266379
3.5700000000000003,2042.990966796875,7900.1937587653028
3.5720000000000001,2074.9912109375,8247.9047194667583
3.5739999999999998,2210.989990234375,8601.1390521643916
3.5760000000000005,2285.98974609375,8957.3689378286999
3.5780000000000003,2564.989013671875,9314.0532940343146
3.5800000000000001,2633.98876953125,9668.6563619805056
3.5819999999999999,2691.987548828125,10018.666160461797
3.5840000000000005,2729.98779296875,10361.612672445975
3.5860000000000003,2879.987060546875,10695.0856327562
3.5880000000000001,2980.98681640625,11016.751789121801
3.5899999999999999,3113.9873046875,11324.371513542748
3.5920000000000005,3297.987060546875,11615.814646450854
3.5940000000000003,3335.986083984375,11889.075462501589
3.5960000000000001,3299.98681640625,12142.286653941048
3.5979999999999999,3427.98486328125,12373.732235292489
3.6000000000000005,3425.986083984375,12581.859281566542
3.6020000000000003,3461.98583984375,12765.288421201572
3.6040000000000001,3535.98681640625,12922.823014467682
3.6059999999999999,3524.986328125,13053.456958012745
3.6080000000000005,3491.9873046875,13156.381066532411
3.6100000000000003,3504.986083984375,13230.987993130351
3.6120000000000001,3596.985107421875,13276.875660724361
3.6139999999999999,3635.9853515625,13293.849187763095
3.6159999999999997,3496.9873046875,13281.921302489134
3.6180000000000003,3509.986572265625,13241.311250911889
3.6200000000000001,3549.985595703125,13172.442214490911
3.6219999999999999,3466.986083984375,13075.937264180417
3.6239999999999997,3397.986083984375,12952.613887887666
3.6260000000000003,3314.98681640625,12803.477138476333
3.6280000000000001,3192.987060546875,12629.711459131833
3.6299999999999999,3185.986328125,12432.671252135375
3.6319999999999997,3107.9873046875,12213.870265805534
3.6340000000000003,3089.98779296875,11974.969882495452
3.6360000000000001,2899.988037109375,11717.76639803652
3.6379999999999999,2779.989013671875,11444.177389835157
3.6399999999999997,2692.98876953125,11156.227276918695
3.6420000000000003,2592.989013671875,10856.032180547525
3.6440000000000001,2513.98876953125,10545.78419852634
3.6459999999999999,2415.990234375,10227.735210028737
3.6479999999999997,2268.98974609375,9904.1803305799294
3.6500000000000004,2199.99072265625,9577.4411387875862
3.6520000000000001,2030.9920654296875,9249.8487974773034
3.6539999999999999,1931.9923095703125,8923.727192057042
3.6559999999999997,1785.99267578125,8601.3762082206777
3.6580000000000004,1687.993408203125,8285.0552694889138
3.6600000000000001,1640.9931640625,7976.9672526143995
3.6619999999999999,1487.99365234375,7679.2428955574942
3.6639999999999997,1449.99365234375,7393.9258085789088
3.6660000000000004,1347.9942626953125,7122.9581940712951
3.6680000000000001,1244.9947509765625,6868.1673750475975
3.6699999999999999,1145.9949951171875,6631.253225809417
3.6719999999999997,1128.99560546875,6413.7765912625446
3.6740000000000004,996.99560546875,6217.1487736774543
3.6760000000000002,944.9962158203125,6042.6221574933925
3.6779999999999999,910.99627685546875,5891.2820340683229
3.6799999999999997,825.99658203125,5764.0396791822441
3.6820000000000004,832.9967041015625,5661.6267266455179
3.6840000000000002,760.996826171875,5584.5908716531058
3.6859999999999999,744.9967041015625,5533.2929276003388
3.6879999999999997,777.99688720703125,5507.905250048052
3.6900000000000004,693.99688720703125,5508.4115314328274
3.6920000000000002,760.9971923828125,5534.6079600743624
3.694,732.99700927734375,5586.1057270812526
3.6959999999999997,773.9967041015625,5662.3348550038017
3.6980000000000004,762.99627685546875,5762.5493125637076
3.7000000000000002,783.996826171875,5885.833370622353
3.702,859.99609375,6031.1091457447646
3.7039999999999997,893.99578857421875,6197.1452693973306
3.7060000000000004,890.99560546875,6382.5666129853607
3.7080000000000002,1016.9951782226562,6585.8649916958857
3.71,946.9959716796875,6805.4107634820257
3.7119999999999997,1075.9947509765625,7039.4652335560431
3.7140000000000004,1167.994384765625,7286.193769503162
3.7160000000000002,1206.9940185546875,7543.6795276052671
3.718,1307.993408203125,7809.9376871997647
3.7199999999999998,1334.994140625,8082.9300869278868
3.7220000000000004,1425.9931640625,8360.5801545522281
3.7240000000000002,1523.99365234375,8640.78802065741
3.726,1530.9931640625,8921.4457059878077
3.7279999999999998,1682.99267578125,9200.452272431814
3.7300000000000004,1754.992431640625,9475.7288287102911
3.7320000000000002,1803.9931640625,9745.2332836495043
3.734,1968.9921875,10006.974742517159
3.7359999999999998,1989.9920654296875,10259.027445219588
3.7380000000000004,1963.9921875,10499.544149181051
3.7400000000000002,2076.9921875,10726.768864427815
3.742,2129.991455078125,10939.048853715478
3.7439999999999998,2190.990234375,11134.845816435827
3.7460000000000004,2276.990234375,11312.746181487826
3.7480000000000002,2246.989990234375,11471.470441210036
3.75,2297.989013671875,11609.881465826276
3.7519999999999998,2324.9892578125,11726.991745585694
3.7540000000000004,2385.989990234375,11821.96951581836
3.7560000000000002,2349.990966796875,11894.143728431491
3.758,2454.990478515625,11943.007841868937
3.7599999999999998,2400.989990234375,11968.222410188606
3.7620000000000005,2431.989990234375,11969.616460627067
3.7640000000000002,2480.9892578125,11947.187657736355
3.766,2435.989990234375,11901.101260858979
3.7679999999999998,2414.98974609375,11831.687890268882
3.7700000000000005,2393.990478515625,11739.440125711997
3.7720000000000002,2377.989501953125,11625.007969253189
3.774,2292.990234375,11489.193212236418
3.7759999999999998,2272.9912109375,11332.942753730029
3.7780000000000005,2265.990478515625,11157.34092501146
3.7800000000000002,2274.990966796875,10963.600881397462
3.782,2171.991455078125,10753.055129000875
3.7839999999999998,2071.99169921875,10527.145259755402
3.7860000000000005,2043.9921875,10287.410973252589
3.7880000000000003,1996.9921875,10035.478468551739
3.79,1821.9921875,9773.048293117592
3.7919999999999998,1939.99169921875,9501.88273940012
3.7940000000000005,1763.9925537109375,9223.7928822510585
3.7960000000000003,1700.99365234375,8940.6253523896139
3.798,1565.9935302734375,8654.2489424353662
3.7999999999999998,1580.99365234375,8366.5411426505307
3.8020000000000005,1471.994140625,8079.3747034438284
3.8040000000000003,1399.993896484375,7794.6043209164172
3.806,1308.99462890625,7514.0535402423693
3.8079999999999998,1254.9954833984375,7239.5019695519741
3.8100000000000005,1158.9954833984375,6972.6728941637493
3.8120000000000003,1089.9949951171875,6715.2213775845785
3.8140000000000001,1096.9952392578125,6468.7229316437642
3.8159999999999998,1012.9954833984375,6234.6628335149799
3.8180000000000005,905.9962158203125,6014.4261622095901
3.8200000000000003,869.99627685546875,5809.2886214773134
3.8220000000000001,751.9967041015625,5620.4082099260631
3.8239999999999998,737.9967041015625,5448.817792664533
3.8260000000000005,707.9970703125,5295.4186218763198
3.8280000000000003,631.9970703125,5160.9748465666253
3.8300000000000001,600.997314453125,5046.109044274971
3.8319999999999999,568.99749755859375,4951.2987999270272
3.8340000000000005,508.99771118164062,4876.8743492345602
3.8360000000000003,507.99771118164062,4823.0172962063307
3.8380000000000001,463.99789428710938,4789.7604064781708
3.8399999999999999,430.99798583984375,4776.9884703509651
3.8420000000000005,442.99798583984375,4784.4402216997159
3.8440000000000003,446.99798583984375,4811.711291358647
3.8460000000000001,419.99789428710938,4858.2581662243201
3.8479999999999999,406.99798583984375,4923.4031182368126
3.8500000000000005,420.997802734375,5006.3400606144405
3.8520000000000003,466.99789428710938,5106.1412823135424
3.8540000000000001,425.99798583984375,5221.7650056727543
3.8559999999999999,429.99789428710938,5352.0637066525242
3.8580000000000005,518.99737548828125,5495.7931320064235
3.8600000000000003,538.9971923828125,5651.6219431792151
3.8620000000000001,531.99737548828125,5818.1419127228837
3.8639999999999999,608.996826171875,5993.8785956001147
3.8660000000000005,658.9967041015625,6177.3023949154522
3.8680000000000003,616.996826171875,6366.8399393927057
3.8700000000000001,709.996826171875,6560.8856883168719
3.8719999999999999,781.99627685546875,6757.8136786845807
3.8739999999999997,763.99652099609375,6955.9893289617103
3.8760000000000003,872.9962158203125,7153.781214119932
3.8780000000000001,842.9957275390625,7349.5727275170848
3.8799999999999999,875.9959716796875,7541.77354668116
3.8819999999999997,926.99609375,7728.8308221359066
3.8840000000000003,911.9957275390625,7909.2400110534991
3.8860000000000001,1031.9951171875,8081.5552807028607
3.8879999999999999,1068.9947509765625,8244.3994103612131
3.8899999999999997,1068.9947509765625,8396.4731245367038
3.8920000000000003,1172.994140625,8536.5637949677712
3.8940000000000001,1158.9945068359375,8663.5534539054097
3.8959999999999999,1181.994384765625,8776.4260665795682
3.8979999999999997,1220.9935302734375,8874.2740164827246
3.9000000000000004,1198.993896484375,8956.3037631115367
3.9020000000000001,1288.9940185546875,9021.8406380621873
3.9039999999999999,1306.9935302734375,9070.3327518100104
3.9059999999999997,1290.994384765625,9101.353990091673
3.9080000000000004,1271.993896484375,9114.6060854934894
3.9100000000000001,1309.9940185546875,9109.9197565733284
3.9119999999999999,1371.99365234375,9087.2549135848294
3.9139999999999997,1303.9937744140625,9046.6999365508582
3.9160000000000004,1306.994140625,8988.4700380322665
3.9180000000000001,1304.99365234375,8912.9047293901804
3.9199999999999999,1344.9940185546875,8820.4644156171435
3.9219999999999997,1279.9937744140625,8711.7261498541284
3.9240000000000004,1337.994140625,8587.3785844992399
3.9260000000000002,1241.9947509765625,8448.2161612868967
3.9279999999999999,1247.994140625,8295.1325878541593
3.9299999999999997,1221.994140625,8129.1136530709828
3.9320000000000004,1206.9949951171875,7951.2294377685321
3.9340000000000002,1167.994873046875,7762.6259814168998
3.9359999999999999,1193.9945068359375,7564.5164687688339
3.9379999999999997,1105.99462890625,7358.1720034625723
3.9400000000000004,1067.995361328125,7144.9120380603472
3.9420000000000002,1070.995849609375,6926.0945319645689
3.944,1008.9954223632812,6703.1059100925913
3.9459999999999997,993.99560546875,6477.3508961039197
3.9480000000000004,959.9957275390625,6250.2422943407682
3.9500000000000002,920.99578857421875,6023.1907944813829
3.952,897.99658203125,5797.5948722054627
3.9539999999999997,778.99658203125,5574.8308579576833
3.9560000000000004,792.99658203125,5356.2432441505607
3.9580000000000002,776.99658203125,5143.1352989278612
3.96,688.99688720703125,4936.7600518906356
3.9619999999999997,638.9970703125,4738.3117140280083
3.9640000000000004,636.99737548828125,4548.9175904972381
3.9660000000000002,593.9971923828125,4369.6305408929293
3.968,543.99761962890625,4201.4220372822547
3.9699999999999998,506.99771118164062,4045.1758655718872
3.9720000000000004,482.99789428710938,3901.6825107668924
3.9740000000000002,447.99798583984375,3771.6342614152936
3.976,410.99810791015625,3655.6210630388737
3.9779999999999998,430.99798583984375,3554.1271446875753
3.9800000000000004,397.99819946289062,3467.5284369463884
3.9820000000000002,395.998291015625,3396.0907938287801
3.984,367.9984130859375,3339.9690250437548
3.9859999999999998,299.99850463867188,3299.2067391798832
3.9880000000000004,304.99850463867188,3273.7369924351915
3.9900000000000002,314.99850463867188,3263.3837317038033
3.992,309.99850463867188,3267.8640151298387
3.9939999999999998,269.99850463867188,3286.7909877111192
3.9960000000000004,290.99859619140625,3319.6775842141205
3.9980000000000002,280.99850463867188,3365.9409265854915
4,243.99870300292969,3424.907378253075
4.0019999999999998,278.99859619140625,3495.8182132269412
4.0040000000000004,249.99859619140625,3577.8358537805825
4.0060000000000002,305.99850463867188,3670.050626727179
4.008,308.9984130859375,3771.4879849457234
4.0099999999999998,314.9984130859375,3881.1161378645447
4.0120000000000005,337.99819946289062,3997.8540320999659
4.0140000000000002,306.9984130859375,4120.5796213980375
4.016,321.998291015625,4248.1383634227259
4.0179999999999998,359.99819946289062,4379.3518798176055
4.0200000000000005,392.99789428710938,4513.0267153139921
4.0220000000000002,393.997802734375,4647.9631314780399
4.024,437.99789428710938,4782.9638709901883
4.0259999999999998,405.99810791015625,4916.8428290981692
4.0280000000000005,401.99789428710938,5048.4335701053569
4.0300000000000002,441.99789428710938,5176.5976284013223
4.032,466.99749755859375,5300.2325356207793
4.0339999999999998,534.99749755859375,5418.2795180018084
4.0360000000000005,526.99737548828125,5529.7308108727266
4.0380000000000003,544.9971923828125,5633.6365404286989
4.04,580.9970703125,5729.1111265125983
4.0419999999999998,556.997314453125,5815.3391639750898
4.0440000000000005,565.997314453125,5891.5807443237873
4.0460000000000003,562.99700927734375,5957.1761837451731
4.048,610.99688720703125,6011.5501281654078
4.0499999999999998,628.99700927734375,6054.2150107695024
4.0520000000000005,564.9971923828125,6084.7738422899765
4.0540000000000003,623.9970703125,6102.922319368321
4.056,637.996826171875,6108.450241349894
4.0579999999999998,619.99688720703125,6101.2422309549256
4.0600000000000005,668.99658203125,6081.2777593471492
4.0620000000000003,634.9970703125,6048.6304811474592
4.0640000000000001,617.99658203125,6003.4668898965147
4.0659999999999998,638.99688720703125,5946.0443092995592
4.0680000000000005,694.99658203125,5876.7082402780206
4.0700000000000003,604.996826171875,5795.889088357435
4.0720000000000001,635.99658203125,5704.0983002156181
4.0739999999999998,591.9970703125,5601.9239422706096
4.0760000000000005,627.9970703125,5490.0257579734935
4.0780000000000003,582.99700927734375,5369.1297439681412
4.0800000000000001,607.99700927734375,5240.02228845224
4.0819999999999999,581.9970703125,5103.5439179236091
4.0840000000000005,625.99688720703125,4960.5827009775858
4.0860000000000003,558.997314453125,4812.0673599397396
4.0880000000000001,539.99749755859375,4658.9601428563692
4.0899999999999999,525.99737548828125,4502.2495097015653
4.0920000000000005,531.99737548828125,4342.9426876078296
4.0940000000000003,514.99737548828125,4182.0581504587672
4.0960000000000001,487.99740600585938,4020.6180783190398
4.0979999999999999,456.99749755859375,3859.6408519008328
4.1000000000000005,476.99789428710938,3700.1336365971079
4.1020000000000003,436.99789428710938,3543.0851095446505
4.1040000000000001,434.99810791015625,3389.4583817340163
4.1059999999999999,416.99789428710938,3240.1841653668403
4.1080000000000005,390.998291015625,3096.1542344905411
4.1100000000000003,391.99819946289062,2958.2152244334475
4.1120000000000001,348.9984130859375,2827.1628127409949
4.1139999999999999,310.9984130859375,2703.7363211994948
4.1160000000000005,344.998291015625,2588.6137751494716
4.1180000000000003,319.9984130859375,2482.4074526668423
4.1200000000000001,347.9984130859375,2385.6599523499099
4.1219999999999999,327.9984130859375,2298.8408044306157
4.1240000000000006,272.99859619140625,2222.3436457520988
4.1260000000000003,313.99859619140625,2156.4839748596137
4.1280000000000001,299.99850463867188,2101.4974990674054
4.1299999999999999,287.99850463867188,2057.5390809264941
4.1319999999999997,305.99810791015625,2024.6822870570138
4.1340000000000003,292.99850463867188,2002.9195378583975
4.1360000000000001,289.99850463867188,1992.1628522084925
4.1379999999999999,283.99850463867188,1992.2451769315778
4.1399999999999997,286.99850463867188,2002.9222865988495
4.1420000000000003,285.99850463867188,2023.8752351414789
4.1440000000000001,283.99850463867188,2054.7133368458876
4.1459999999999999,284.99850463867188,2094.9776505842447
4.1479999999999997,328.998291015625,2144.1449376376913
4.1500000000000004,308.99850463867188,2201.6320602227934
4.1520000000000001,292.99850463867188,2266.8007848517891
4.1539999999999999,297.99850463867188,2338.9629519654054
4.1559999999999997,306.9984130859375,2417.3859708902746
4.1580000000000004,300.9984130859375,2501.298597110298
4.1600000000000001,298.9984130859375,2589.8969471071273
4.1619999999999999,285.9984130859375,2682.3507046387563
4.1639999999999997,323.9984130859375,2777.8094712869256
4.1660000000000004,320.99819946289062,2875.4092134214084
4.1680000000000001,344.99819946289062,2974.2787574044241
4.1699999999999999,370.99798583984375,3073.5462848912298
4.1719999999999997,326.998291015625,3172.3457804639561
4.1740000000000004,369.99798583984375,3269.8233845714408
4.1760000000000002,376.99819946289062,3365.1436058138765
4.1779999999999999,360.99819946289062,3457.4953480135387
4.1799999999999997,409.997802734375,3546.0977092210101
4.1820000000000004,368.99819946289062,3630.2055118232665
4.1840000000000002,368.9984130859375,3709.1145252102783
4.1859999999999999,392.99819946289062,3782.1663450184437
4.1879999999999997,403.99789428710938,3848.7528957649879
4.1900000000000004,393.99789428710938,3908.3205267095555
4.1920000000000002,380.99819946289062,3960.3736739938399
4.194,395.99798583984375,4004.4780654962456
4.1959999999999997,386.99789428710938,4040.2634483696629
4.1980000000000004,389.99789428710938,4067.4258228813569
4.2000000000000002,390.99789428710938,4085.7291699133675
4.202,405.99789428710938,4095.0066632864332
4.2039999999999997,360.99798583984375,4095.1613619092636
4.2060000000000004,375.99819946289062,4086.1663806014658
4.2080000000000002,408.99810791015625,4068.0645422640828
4.21,354.998291015625,4040.967517849554
4.2119999999999997,349.99819946289062,4005.0544642867103
4.2140000000000004,364.99850463867188,3960.5701741168555
4.2160000000000002,382.99819946289062,3907.822754074592
4.218,356.99810791015625,3847.1808531701718
4.2199999999999998,326.99819946289062,3779.0704639853634
4.2220000000000004,331.99819946289062,3703.9713238476784
4.2240000000000002,338.998291015625,3622.4129452947823
4.226,329.9984130859375,3534.9703077440918
4.2279999999999998,337.998291015625,3442.2592445475711
4.2300000000000004,279.99859619140625,3344.9315615998985
4.2320000000000002,319.99819946289062,3243.6699253879842
4.234,290.99850463867188,3139.182559798588
4.2359999999999998,313.9984130859375,3032.1977921293233
4.2380000000000004,267.99859619140625,2923.4584895789776
4.2400000000000002,270.9984130859375,2813.7164280143152
4.242,277.99850463867188,2703.726635017345
4.2439999999999998,276.99850463867188,2594.2417491262449
4.2460000000000004,234.99870300292969,2486.0064367728369
4.2480000000000002,226.99870300292969,2379.7519077155835
4.25,264.99850463867188,2276.190568765328
4.2519999999999998,237.99870300292969,2176.0108543151168
4.2540000000000004,279.99850463867188,2079.872270621132
4.2560000000000002,222.99870300292969,1988.4006889609796
4.258,246.99870300292969,1902.183920721681
4.2599999999999998,231.99870300292969,1821.7676051728326
4.2620000000000005,258.99850463867188,1747.6514381663339
4.2640000000000002,246.99870300292969,1680.2857672988364
4.266,273.99850463867188,1620.0685762002772
4.2679999999999998,212.99870300292969,1567.3428775868688
4.2700000000000005,231.99870300292969,1522.3945315679641
4.2720000000000002,232.99870300292969,1485.4505024469479
4.274,261.99859619140625,1456.6775639283276
4.2759999999999998,217.99859619140625,1436.1814592676094
4.2780000000000005,253.99859619140625,1424.0065194943429
4.2800000000000002,252.99859619140625,1420.1357394358392
4.282,251.99859619140625,1424.4913078894676
4.2839999999999998,255.99850463867188,1436.9355849611125
4.2860000000000005,295.9984130859375,1457.2725163323314
4.2880000000000003,275.99850463867188,1485.2494710602978
4.29,275.99850463867188,1520.5594864777104
4.2919999999999998,279.99850463867188,1562.8439008646712
4.2940000000000005,296.9984130859375,1611.695351831891
4.2960000000000003,308.9984130859375,1666.6611158047074
4.298,346.99819946289062,1727.2467616461693
4.2999999999999998,330.998291015625,1792.920089321826
4.3020000000000005,330.99819946289062,1863.1153226031208
4.3040000000000003,373.99798583984375,1937.2375231424687
4.306,337.99810791015625,2014.6671918427794
4.3079999999999998,358.99819946289062,2094.7650222922221
4.3100000000000005,371.99798583984375,2176.8767701555757
4.3120000000000003,419.99798583984375,2260.3382017998929
4.3140000000000001,390.99789428710938,2344.4800851003597
4.3159999999999998,386.99789428710938,2428.6331853077781
4.3180000000000005,406.99798583984375,2512.1332290747041
4.3200000000000003,413.99798583984375,2594.3258002174161
4.3220000000000001,413.99798583984375,2674.5711315391686
4.3239999999999998,415.997802734375,2752.2487580404327
4.3260000000000005,404.99810791015625,2826.7619980946106
4.3280000000000003,396.99798583984375,2897.5422306524765
4.3300000000000001,357.99798583984375,2964.0529382486015
4.3319999999999999,402.99798583984375,3025.7934875038745
4.3340000000000005,391.99771118164062,3082.3026209290415
4.3360000000000003,384.99798583984375,3133.1616361277984
4.3380000000000001,393.99810791015625,3177.9972309454733
4.3399999999999999,358.99810791015625,3216.4839956987485
4.3420000000000005,405.99819946289062,3248.3465363347491
4.3440000000000003,403.997802734375,3273.3612151744187
4.3460000000000001,407.99798583984375,3291.3574987871311
4.3479999999999999,383.99819946289062,3302.2189054870259
4.3500000000000005,363.99810791015625,3305.8835479252702
4.3520000000000003,387.99810791015625,3302.3442692469312
4.3540000000000001,358.99819946289062,3291.6483742690289
4.3559999999999999,361.99819946289062,3273.8969600947871
4.3580000000000005,355.99819946289062,3249.2438534851799
4.3600000000000003,308.9984130859375,3217.8941651467971
4.3620000000000001,339.99819946289062,3180.1024738372876
4.3639999999999999,334.998291015625,3136.1706558252931
4.3660000000000005,324.998291015625,3086.4453777443036
4.3680000000000003,274.99850463867188,3031.3152732407189
4.3700000000000001,266.99850463867188,2971.2078260080943
4.3719999999999999,260.99859619140625,2906.5859838217407
4.3740000000000006,275.99850463867188,2837.944530010222
4.3760000000000003,256.99850463867188,2765.8062404266325
4.3780000000000001,245.99870300292969,2690.7178553898516
4.3799999999999999,226.99859619140625,2613.245897253224
4.3820000000000006,207.99870300292969,2533.9723652128505
4.3840000000000003,213.99870300292969,2453.4903396875052
4.3860000000000001,216.99879455566406,2372.3995290817898
4.3879999999999999,185.9989013671875,2291.3017919798831
4.3899999999999997,204.99879455566406,2210.7966678124649
4.3920000000000003,230.99879455566406,2131.4769487902863
4.3940000000000001,163.99899291992188,2053.9243254142411
4.3959999999999999,171.9989013671875,1978.7051371474709
4.3979999999999997,163.9989013671875,1906.3662588935038
4.4000000000000004,186.99899291992188,1837.4311527523159
4.4020000000000001,206.9989013671875,1772.3961131555525
4.4039999999999999,143.99899291992188,1711.7267319026994
4.4059999999999997,176.99899291992188,1655.854607864605
4.4080000000000004,181.99899291992188,1605.1743241851304
4.4100000000000001,186.99899291992188,1560.0407137250172
4.4119999999999999,139.99899291992188,1520.7664312608888
4.4139999999999997,178.9989013671875,1487.6198486013589
4.4160000000000004,169.9989013671875,1460.8232863210535
4.4180000000000001,194.99870300292969,1440.5515932700807
4.4199999999999999,174.99899291992188,1426.9310824018055
4.4219999999999997,197.99879455566406,1420.038828802097
4.4240000000000004,195.99879455566406,1419.9023331120627
4.4260000000000002,213.99879455566406,1426.4995508408037
4.4279999999999999,201.99879455566406,1439.7592853773308
4.4299999999999997,227.99870300292969,1459.5619398577137
4.4320000000000004,268.99850463867188,1485.7406204393574
4.4340000000000002,251.99850463867188,1518.082581000979
4.4359999999999999,283.99850463867188,1556.3309968415222
4.4379999999999997,278.9984130859375,1600.1870526105004
4.4400000000000004,297.99850463867188,1649.3123274844154
4.4420000000000002,288.9984130859375,1703.3314585237599
4.444,293.9984130859375,1761.8350612157794
4.4459999999999997,332.99810791015625,1824.3828844461157
4.4480000000000004,316.998291015625,1890.507175556256
4.4500000000000002,340.998291015625,1959.7162297435952
4.452,343.99819946289062,2031.4980968636012
4.4539999999999997,348.99819946289062,2105.3244176907924
4.4560000000000004,363.99798583984375,2180.6543609130904
4.4580000000000002,347.99819946289062,2256.9386315576403
4.46,353.99810791015625,2333.6235211945673
4.4619999999999997,371.99810791015625,2410.1549701249419
4.4640000000000004,393.99789428710938,2485.9826118431361
4.4660000000000002,395.99771118164062,2560.563770359548
4.468,406.99789428710938,2633.3673814805065
4.4699999999999998,372.998291015625,2703.8778098574885
4.4720000000000004,396.99789428710938,2771.5985345369472
4.4740000000000002,440.997802734375,2836.0556768508941
4.476,404.99819946289062,2896.8013457831553
4.4779999999999998,432.99798583984375,2953.4167774112602
4.4800000000000004,410.997802734375,3005.5152466519285
4.4820000000000002,406.99789428710938,3052.7447313135976
4.484,427.997802734375,3094.7903103692652
4.4859999999999998,414.997802734375,3131.3762803922014
4.4880000000000004,400.99819946289062,3162.2679762312318
4.4900000000000002,371.99810791015625,3187.2732842256673
4.492,426.997802734375,3206.2438385521455
4.4939999999999998,377.99819946289062,3219.0758936464072
4.4960000000000004,385.99819946289062,3225.7108680285473
4.4980000000000002,387.99819946289062,3226.1355572677048
4.5,366.99810791015625,3220.382016230878
4.5019999999999998,356.99819946289062,3208.5271131567056
4.5040000000000004,348.99819946289062,3190.6917604577507
4.5060000000000002,346.9984130859375,3167.0398294698512
4.508,370.99810791015625,3137.7767586178184
4.5099999999999998,329.99810791015625,3103.1478666362423
4.5120000000000005,300.9984130859375,3063.4363845574067
4.5140000000000002,314.99819946289062,3018.961222144474
4.516,303.9984130859375,2970.0744862848869
4.5179999999999998,272.99859619140625,2917.1587705674337
4.5200000000000005,263.99859619140625,2860.6242368191402
4.5220000000000002,263.99850463867188,2800.9055107791801
4.524,263.99868774414062,2738.4584153168239
4.5259999999999998,225.99870300292969,2673.7565656567849
4.5280000000000005,248.99859619140625,2607.2878519483165
4.5300000000000002,215.99870300292969,2539.5508352017387
4.532,206.99879455566406,2471.0510831089123
4.5339999999999998,183.9989013671875,2402.2974725664076
4.5360000000000005,201.99879455566406,2333.7984858245723
4.5380000000000003,183.9989013671875,2266.0585270954953
4.54,192.99879455566406,2199.5742861686781
4.5419999999999998,165.99899291992188,2134.831175110729
4.5440000000000005,138.99899291992188,2072.2998634628179
4.5460000000000003,166.99899291992188,2012.4329365096946
4.548,168.99899291992188,1955.6617001786567
4.5499999999999998,146.99899291992188,1902.3931549470103
4.5520000000000005,137.99899291992188,1853.0071598002808
4.5540000000000003,148.99899291992188,1807.8538058007566
4.556,129.99899291992188,1767.2510172109874
4.5579999999999998,143.99899291992188,1731.4823963780836
4.5600000000000005,137.99899291992188,1700.7953267388132
4.5620000000000003,124.99900054931641,1675.3993463646971
4.5640000000000001,141.99899291992188,1655.4648024450917
4.5659999999999998,141.99899291992188,1641.1217950212831
4.5680000000000005,144.99899291992188,1632.459416149163
4.5700000000000003,132.99899291992188,1629.5252885002624
4.5720000000000001,130.99899291992188,1632.3254052247164
4.5739999999999998,162.99899291992188,1640.8242707122408
4.5760000000000005,174.99879455566406,1654.9453397146337
4.5780000000000003,154.99899291992188,1674.5717501508132
4.5800000000000001,160.9989013671875,1699.547342816785
4.5819999999999999,197.9989013671875,1729.6779591888344
4.5840000000000005,163.99899291992188,1764.7330065442527
4.5860000000000003,193.99879455566406,1804.4472777534133
4.5880000000000001,177.99879455566406,1848.5230113255941
4.5899999999999999,183.99879455566406,1896.632175634483
4.5920000000000005,230.99859619140625,1948.4189597201407
4.5940000000000003,202.99870300292969,2003.502451667581
4.5960000000000001,268.9984130859375,2061.4794843152304
4.5979999999999999,262.99850463867188,2121.9276269490683
4.6000000000000005,257.9984130859375,2184.4083007034251
4.6020000000000003,231.99870300292969,2248.4699946204164
4.6040000000000001,261.9984130859375,2313.6515587222448
4.6059999999999999,292.9984130859375,2379.4855500242838
4.6080000000000005,304.998291015625,2445.5016071716823
4.6100000000000003,342.99810791015625,2511.2298293062167
4.6120000000000001,303.99819946289062,2576.2041348793005
4.6139999999999999,318.99819946289062,2639.9655764007116
4.6160000000000005,344.99810791015625,2702.0655875652028
4.6180000000000003,319.998291015625,2762.0691398140034
4.6200000000000001,346.998291015625,2819.5577861652991
4.6219999999999999,319.9984130859375,2874.1325710806564
4.6240000000000006,327.998291015625,2925.4167862112126
4.6260000000000003,301.9984130859375,2973.0585530864082
4.6280000000000001,353.99819946289062,3016.7332151527798
4.6299999999999999,362.99819946289062,3056.1455230330484
4.6320000000000006,334.9984130859375,3091.0315984489857
4.6340000000000003,351.99798583984375,3121.1606639141014
4.6360000000000001,378.99819946289062,3146.336527053757
4.6379999999999999,335.99810791015625,3166.3988102263061
4.6399999999999997,327.9984130859375,3181.2239179931871
4.6420000000000003,377.99789428710938,3190.7257369041799
4.6440000000000001,318.99819946289062,3194.8560640075666
4.6459999999999999,327.99819946289062,3193.6047624552898
4.6479999999999997,324.99810791015625,3186.9996445349529
4.6500000000000004,346.99819946289062,3175.1060844052604
4.6520000000000001,339.998291015625,3158.0263647336692
4.6539999999999999,346.998291015625,3135.8987633118427
4.6559999999999997,308.99850463867188,3108.8963875520726
4.6580000000000004,296.9984130859375,3077.225766524045
4.6600000000000001,269.9984130859375,3041.1252118741681
4.6619999999999999,290.99850463867188,3000.8629605571282
4.6639999999999997,294.99850463867188,2956.7351137999099
4.6660000000000004,278.9984130859375,2909.0633880948349
4.6680000000000001,287.99850463867188,2858.1926952783706
4.6699999999999999,245.99870300292969,2804.4885698773924
4.6719999999999997,227.99859619140625,2748.3344629020548
4.6740000000000004,216.99879455566406,2690.128922111734
4.6760000000000002,218.99879455566406,2630.2826794858283
4.6779999999999999,207.99879455566406,2569.2156671808775
4.6799999999999997,194.9989013671875,2507.353983652491
4.6820000000000004,185.9989013671875,2445.1268318602465
4.6840000000000002,212.9989013671875,2382.963451552911
4.6859999999999999,178.9989013671875,2321.290067556949
4.6879999999999997,186.9989013671875,2260.5268757568624
4.6900000000000004,172.9989013671875,2201.0850880699923
4.6920000000000002,180.9989013671875,2143.3640571796118
4.694,178.9989013671875,2087.7485011092149
4.6959999999999997,148.9989013671875,2034.6058468959459
4.6980000000000004,165.9989013671875,1984.2837116655821
4.7000000000000002,144.99899291992188,1937.1075383287482
4.702,158.9989013671875,1893.3784019177599
4.7039999999999997,129.99899291992188,1853.3710012758206
4.7060000000000004,132.99899291992188,1817.3318494033063
4.7080000000000002,130.99899291992188,1785.4776742727859
4.71,121.99909973144531,1757.9940403519511
4.7119999999999997,124.99900054931641,1735.0341994413623
4.7140000000000004,124.99900054931641,1716.7181777438195
4.7160000000000002,119.99909973144531,1703.1321043553055
4.718,130.99899291992188,1694.3277846130566
4.7199999999999998,119.99909973144531,1690.3225199647811
4.7220000000000004,127.99900054931641,1691.0991742534318
4.7240000000000002,133.99899291992188,1696.6064845497483
4.726,121.99909973144531,1706.7596129288506
4.7279999999999998,127.99900054931641,1721.4409338863532
4.7300000000000004,137.99899291992188,1740.5010504352047
4.7320000000000002,132.99899291992188,1763.7600303335612
4.734,130.99899291992188,1791.0088523690297
4.7359999999999998,151.99899291992188,1822.0110511860016
4.7380000000000004,144.99899291992188,1856.5045477912081
4.7400000000000002,139.99899291992188,1894.2036516233454
4.742,153.9989013671875,1934.8012189326405
4.7439999999999998,169.9989013671875,1977.9709511906808
4.7460000000000004,155.99899291992188,2023.3698163496592
4.7480000000000002,182.99899291992188,2070.6405749954065
4.75,180.9989013671875,2119.414392801285
4.7519999999999998,169.9989013671875,2169.3135201845494
4.7540000000000004,188.99879455566406,2219.9540197028587
4.7560000000000002,205.99879455566406,2270.9485215093159
4.758,199.99879455566406,2321.9089871016918
4.7599999999999998,194.9989013671875,2372.4494616636239
4.7620000000000005,197.99879455566406,2422.1887954976564
4.7640000000000002,189.99879455566406,2470.753315389084
4.766,200.99879455566406,2517.7794272139317
4.7679999999999998,239.99870300292969,2562.9161317082517
4.7700000000000005,234.99870300292969,2605.8274360451237
4.7720000000000002,235.99870300292969,2646.1946447141986
4.774,247.99859619140625,2683.7185141599498
4.7759999999999998,237.99859619140625,2718.1212566961754
4.7780000000000005,231.99859619140625,2749.1483803809874
4.7800000000000002,257.99859619140625,2776.5703527797095
4.782,237.99870300292969,2800.1840778733099
4.7839999999999998,250.99850463867188,2819.814176762417
4.7860000000000005,213.99870300292969,2835.3140642699659
4.7880000000000003,278.998291015625,2846.5668150449396
4.79,271.9984130859375,2853.4858143029737
4.7919999999999998,240.99850463867188,2856.0151899024249
4.7940000000000005,249.99850463867188,2854.1300240254905
4.7960000000000003,228.99859619140625,2847.8363443115054
4.798,242.99850463867188,2837.1708958568802
4.7999999999999998,228.99870300292969,2822.2006970432653
4.8019999999999996,255.99850463867188,2803.0223836727641
4.8040000000000003,270.998291015625,2779.7613473647061
4.806,230.99850463867188,2752.5706755928095
4.8079999999999998,244.99850463867188,2721.6299021052555
4.8099999999999996,231.99859619140625,2687.1435777622924
4.8120000000000003,238.99850463867188,2649.3396730397239
4.8140000000000001,218.99870300292969,2608.4678245739597
4.8159999999999998,229.99870300292969,2564.7974391543316
4.8179999999999996,226.99870300292969,2518.6156694986403
4.8200000000000003,231.99859619140625,2470.2252769729503
4.8220000000000001,210.99870300292969,2419.9423971213678
4.8239999999999998,198.99879455566406,2368.094224469758
4.8259999999999996,211.99870300292969,2315.0166335356162
4.8280000000000003,182.9989013671875,2261.0517533268994
4.8300000000000001,186.9989013671875,2206.5455128353428
4.8319999999999999,172.9989013671875,2151.845175129029
4.8339999999999996,167.99899291992188,2097.2968776188786
4.8360000000000003,145.99899291992188,2043.2431959238752
4.8380000000000001,160.9989013671875,1990.0207484797634
4.8399999999999999,164.9989013671875,1937.9578586430578
4.8419999999999996,155.99899291992188,1887.3722905267225
4.8440000000000003,170.99899291992188,1838.5690741784792
4.8460000000000001,144.99899291992188,1791.8384349790281
4.8479999999999999,139.99899291992188,1747.453841302517
4.8499999999999996,149.99899291992188,1705.6701835514016
4.8520000000000003,127.99900054931641,1666.7220966604311
4.8540000000000001,130.99899291992188,1630.8224370658418
4.8559999999999999,122.99909973144531,1598.1609239669619
4.8579999999999997,118.99909973144531,1568.9029534746549
4.8600000000000003,140.99899291992188,1543.1885929552434
4.8620000000000001,112.99909973144531,1521.1317615484554
4.8639999999999999,117.99909973144531,1502.8196014733714
4.8659999999999997,120.99909973144531,1488.3120433473014
4.8680000000000003,118.99909973144531,1477.6415673406411
4.8700000000000001,99.999198913574219,1470.8131605827807
4.8719999999999999,106.99919891357422,1467.8044698335998
4.8739999999999997,96.999298095703125,1468.566147050906
4.8760000000000003,90.999298095703125,1473.0223841245065
4.8780000000000001,93.999298095703125,1481.0716317249023
4.8799999999999999,103.99919891357422,1492.5874959358121
4.8819999999999997,100.99919891357422,1507.4198051156093
4.8840000000000003,126.99900054931641,1525.3958382684177
4.8860000000000001,104.99919891357422,1546.3217051149659
4.8879999999999999,128.99899291992188,1569.9838670365398
4.8899999999999997,103.99919891357422,1596.1507871345968
4.8920000000000003,124.99900054931641,1624.5746968078211
4.8940000000000001,116.99909973144531,1654.9934655029761
4.8959999999999999,111.99909973144531,1687.1325596513166
4.8979999999999997,121.99909973144531,1720.7070762611836
4.8999999999999995,145.99899291992188,1755.4238362038132
4.9020000000000001,125.99900054931641,1790.9835219075096
4.9039999999999999,137.99899291992188,1827.0828439607103
4.9059999999999997,135.99899291992188,1863.4167210265703
4.9079999999999995,127.99900054931641,1899.6804574809414
4.9100000000000001,133.99899291992188,1935.5719033113307
4.9119999999999999,137.99899291992188,1970.7935810432527
4.9139999999999997,138.99899291992188,2005.054764803049
4.9159999999999995,146.99899291992188,2038.0734970652666
4.9180000000000001,162.9989013671875,2069.5785291796205
4.9199999999999999,147.99899291992188,2099.3111724063024
4.9219999999999997,158.9989013671875,2127.0270469204752
4.9239999999999995,152.99899291992188,2152.4977170562051
4.9260000000000002,181.9989013671875,2175.5122019518399
4.9279999999999999,161.9989013671875,2195.8783517190204
4.9299999999999997,150.99899291992188,2213.4240802839035
4.9319999999999995,159.9989013671875,2227.9984471273519
4.9340000000000002,167.99899291992188,2239.4725812818906
4.9359999999999999,176.9989013671875,2247.7404421096021
4.9379999999999997,160.9989013671875,2252.719412584242
4.9399999999999995,181.9989013671875,2254.3507220226393
4.9420000000000002,178.99879455566406,2252.5996964432811
4.944,160.99899291992188,2247.4558359708835
4.9459999999999997,180.9989013671875,2238.932719937844
4.9479999999999995,184.9989013671875,2227.0677415568466
4.9500000000000002,177.99899291992188,2211.9216752376742
4.952,172.9989013671875,2193.5780807911738
4.9539999999999997,164.9989013671875,2172.1425498944686
4.9559999999999995,198.99879455566406,2147.7418012783469
4.9580000000000002,174.99879455566406,2120.5226321287805
4.96,165.99899291992188,2090.6507341673996
4.9619999999999997,173.99899291992188,2058.3093837809315
4.9639999999999995,151.99899291992188,2023.6980164017978
4.9660000000000002,173.9989013671875,1987.0306960965142
4.968,150.99899291992188,1948.5344919903148
4.9699999999999998,151.99899291992188,1908.447773738782
4.9719999999999995,129.99899291992188,1867.0184387519778
4.9740000000000002,147.99899291992188,1824.502084275174
4.976,150.99899291992188,1781.1601377320471
4.9779999999999998,146.99899291992188,1737.257958943949
4.9799999999999995,139.99899291992188,1693.062927944716
4.9820000000000002,139.99899291992188,1648.8425321182945
4.984,125.99900054931641,1604.8624662986965
4.9859999999999998,147.99899291992188,1561.3847592837728
4.9879999999999995,134.99899291992188,1518.6659399348712
4.9900000000000002,152.99899291992188,1476.9552556596268
4.992,128.99899291992188,1436.4929556140751
4.9939999999999998,131.99899291992188,1397.5086504133465
4.9959999999999996,125.99900054931641,1360.2197595107095
4.9980000000000002,116.99909973144531,1324.8300567038316
5,116.99909973144531,1291.5283234518386
5.0019999999999998,127.99900054931641,1260.4871188496229
5.0039999999999996,110.99919891357422,1231.8616742123779
5.0060000000000002,103.99919891357422,1205.7889192745392
5.008,98.999198913574219,1182.3866460210875
5.0099999999999998,126.99900054931641,1161.7528151396466
5.0119999999999996,102.99919891357422,1143.9650090308198
5.0140000000000002,96.999298095703125,1129.0800342349094
5.016,108.99919891357422,1117.1336750476132
5.0179999999999998,102.99919891357422,1108.1405990007631
5.0199999999999996,101.99919891357422,1102.0944137949859
5.0220000000000002,90.999298095703125,1098.9678741889438
5.024,108.99919891357422,1098.7132362879556
5.0259999999999998,104.99919891357422,1101.2627556384982
5.0279999999999996,95.999298095703125,1106.5293245299429
5.0300000000000002,94.999298095703125,1114.4072429430055
5.032,104.99919891357422,1124.7731166651206
5.0339999999999998,94.999298095703125,1137.486875231177
5.0359999999999996,98.999198913574219,1152.3929015399062
5.0380000000000003,84.999397277832031,1169.3212642575077
5.04,97.999298095703125,1188.0890434452967
5.0419999999999998,110.99919891357422,1208.5017392515381
5.0439999999999996,102.99919891357422,1230.3547529832974
5.0460000000000003,81.999397277832031,1253.4349294345625
5.048,107.99919891357422,1277.52214898682
5.0499999999999998,110.99919891357422,1302.3909577253328
5.0519999999999996,91.999298095703125,1327.8122236258127
5.0540000000000003,113.99909973144531,1353.5548067663592
5.056,109.99919891357422,1379.3872315053784
5.0579999999999998,95.999298095703125,1405.0793486389684
5.0599999999999996,99.999198913574219,1430.4039757097846
5.0620000000000003,120.99909973144531,1455.1385038809942
5.0640000000000001,119.99909973144531,1479.0664601113247
5.0659999999999998,130.99899291992188,1501.9790137697817
5.0679999999999996,112.99909973144531,1523.6764173036036
5.0700000000000003,111.99909973144531,1543.9693711206112
5.0720000000000001,116.99909973144531,1562.6803034610807
5.0739999999999998,100.99919891357422,1579.6445567089554
5.0759999999999996,119.99909973144531,1594.7114723241336
5.0780000000000003,125.99900054931641,1607.7453673600687
5.0800000000000001,121.99909973144531,1618.6263963573776
5.0819999999999999,115.99909973144531,1627.2512932707921
5.0839999999999996,117.99909973144531,1633.5339889830882
5.0860000000000003,108.99919891357422,1637.4061008843601
5.0880000000000001,109.99919891357422,1638.8172919348367
5.0899999999999999,115.99909973144531,1637.7354975851654
5.0919999999999996,121.99909973144531,1634.1470198841218
5.0940000000000003,128.99899291992188,1628.0564890622452
5.0960000000000001,109.99919891357422,1619.4866938260584
5.0979999999999999,100.99919891357422,1608.4782825305192
5.0999999999999996,135.99899291992188,1595.0893383069072
5.1020000000000003,113.99909973144531,1579.3948321052551
5.1040000000000001,98.999198913574219,1561.4859584575361
5.1059999999999999,107.99919891357422,1541.4693595748888
5.1079999999999997,96.999298095703125,1519.4662441524567
5.1100000000000003,115.99909973144531,1495.611407966667
5.1120000000000001,117.99909973144531,1470.0521640031266
5.1139999999999999,98.999198913574219,1442.9471904486791
5.1159999999999997,114.99909973144531,1414.4653054109144
5.1180000000000003,114.99909973144531,1384.7841776927924
5.1200000000000001,117.99909973144531,1354.0889833430151
5.1219999999999999,100.99919891357422,1322.5710180235612
5.1239999999999997,108.99919891357422,1290.4262754832648
5.1260000000000003,111.99909973144531,1257.8540025973134
5.1280000000000001,124.99900054931641,1225.055241526996
5.1299999999999999,116.99909973144531,1192.231369574047
5.1319999999999997,111.99909973144531,1159.582647245436
5.1340000000000003,100.99919891357422,1127.3067849122749
5.1360000000000001,113.99909973144531,1095.597538240954
5.1379999999999999,107.99919891357422,1064.6433422955747
5.1399999999999997,107.99919891357422,1034.6259938648038
5.1420000000000003,117.99909973144531,1005.7193911521616
5.1440000000000001,109.99919891357422,978.08833949263669
5.1459999999999999,99.999198913574219,951.88743122292647
5.1479999999999997,101.99919891357422,927.26000724304095
5.1500000000000004,95.999298095703125,904.33720716547191
5.1520000000000001,104.99919891357422,883.23711426390389
5.1539999999999999,100.99919891357422,864.06400070621044
5.1559999999999997,109.99919891357422,846.90767779767305
5.1579999999999995,104.99919891357422,831.84295517004477
5.1600000000000001,116.99909973144531,818.92921204088827
5.1619999999999999,92.999298095703125,808.21008283835567
5.1639999999999997,100.99919891357422,799.71325864653352
5.1659999999999995,100.99919891357422,793.45040508235331
5.1680000000000001,99.999198913574219,789.41719637151459
5.1699999999999999,93.999298095703125,787.59346455542357
5.1719999999999997,103.99919891357422,787.94346193859997
5.1739999999999995,99.999198913574219,790.41623408360886
5.1760000000000002,108.99919891357422,794.94609988179673
5.1779999999999999,107.99919891357422,801.45323448118052
5.1799999999999997,92.999298095703125,809.84435014049143
5.1819999999999995,102.99919891357422,820.01346940662597
5.1840000000000002,93.999298095703125,831.84278438675938
5.1859999999999999,86.999298095703125,845.20359530869428
5.1879999999999997,82.999397277832031,859.95732103862417
5.1899999999999995,83.999397277832031,875.9565737585873
5.1920000000000002,114.99909973144531,893.04628959654247
5.194,91.999298095703125,911.06490665655213
5.1959999999999997,92.999298095703125,929.84558161399502
5.1979999999999995,102.99919891357422,949.21743582401109
5.2000000000000002,100.99919891357422,969.00682174194731
5.202,101.99919891357422,989.03860037129994
5.2039999999999997,117.99909973144531,1009.1374204409137
5.2059999999999995,116.99909973144531,1029.1289900635038
5.2080000000000002,83.999397277832031,1048.8413317475836
5.21,78.999397277832031,1068.10601181677
5.2119999999999997,109.99919891357422,1086.7593355381302
5.2139999999999995,98.999198913574219,1104.6434995672273
5.2160000000000002,80.999397277832031,1121.6076936841582
5.218,86.999298095703125,1137.509144215933
5.2199999999999998,124.99900054931641,1152.2140920121678
5.2219999999999995,98.999198913574219,1165.5986983635473
5.2240000000000002,88.999298095703125,1177.5498728159753
5.226,119.99909973144531,1187.9660174390108
5.2279999999999998,87.999298095703125,1196.7576827461351
5.2299999999999995,103.99919891357422,1203.8481311343573
5.2320000000000002,87.999298095703125,1209.1738044059107
5.234,91.999298095703125,1212.6846926493993
5.2359999999999998,92.999298095703125,1214.344602487801
5.2379999999999995,81.999397277832031,1214.1313234399331
5.2400000000000002,79.999397277832031,1212.036691884985
5.242,105.99919891357422,1208.0665528616364
5.2439999999999998,81.999397277832031,1202.240620668972
5.2459999999999996,96.999298095703125,1194.5922399590449
5.2480000000000002,100.99919891357422,1185.1680497182429
5.25,87.999298095703125,1174.0275532179135
5.2519999999999998,99.999198913574219,1161.2425976739123
5.2539999999999996,84.999397277832031,1146.8967679798
5.2560000000000002,100.99919891357422,1131.0846994703604
5.258,80.999397277832031,1113.9113152228952
5.2599999999999998,76.999397277832031,1095.4909939123831
5.2619999999999996,85.999298095703125,1075.9466746972262
5.2640000000000002,81.999397277832031,1055.4089060253134
5.266,87.999298095703125,1034.0148456084053
5.2679999999999998,86.999298095703125,1011.90721911874
5.2699999999999996,82.999397277832031,989.2332454097151
5.2720000000000002,78.999397277832031,966.14353625359627
5.274,98.999198913574219,942.79097872147145
5.2759999999999998,77.999397277832031,919.32960840190583
5.2779999999999996,96.999298095703125,895.91348166940952
5.2800000000000002,70.999496459960938,872.69555516609648
5.282,89.999298095703125,849.82658055613297
5.2839999999999998,64.999496459960938,827.45402244909235
5.2859999999999996,82.999397277832031,805.72100717143655
5.2880000000000003,79.999397277832031,784.76530979173538
5.29,92.999298095703125,764.71838648236007
5.2919999999999998,84.999397277832031,745.7044589266161
5.2939999999999996,84.999397277832031,727.83965706176662
5.2960000000000003,84.999397277832031,711.23122598655675
5.298,92.999298095703125,695.97680236018823
5.2999999999999998,87.999298095703125,682.16376508479482
5.3019999999999996,89.999298095703125,669.86866449505203
5.3040000000000003,96.999298095703125,659.15673368434022
5.306,68.999496459960938,650.0814849807042
5.3079999999999998,100.99919891357422,642.68439395087978
5.3099999999999996,89.999298095703125,636.99467266265538
5.3120000000000003,68.999496459960938,633.02913328052171
5.3140000000000001,97.999298095703125,630.79214240873307
5.3159999999999998,90.999298095703125,630.27566593847064
5.3179999999999996,93.999298095703125,631.45940350229944
5.3200000000000003,91.999298095703125,634.31101099763657
5.3220000000000001,78.999397277832031,638.78640901404856
5.3239999999999998,87.999298095703125,644.83017439174114
5.3259999999999996,86.999298095703125,652.37601155572565
5.3280000000000003,99.999198913574219,661.34729971445722
5.3300000000000001,94.999298095703125,671.65771148819317
5.3319999999999999,72.999397277832031,683.2118980441868
5.3339999999999996,86.999298095703125,695.90623536607404
5.3360000000000003,88.999298095703125,709.6296258770459
5.3380000000000001,81.999397277832031,724.26434927242065
5.3399999999999999,90.999298095703125,739.68695610084262
5.3419999999999996,76.999397277832031,755.7691973642651
5.3440000000000003,81.999397277832031,772.37898318937596
5.3460000000000001,87.999298095703125,789.38136345642044
5.3479999999999999,92.999298095703125,806.63952315710412
5.3499999999999996,104.99919891357422,824.0157851921781
5.3520000000000003,91.999298095703125,841.37261331066895
5.3540000000000001,100.99919891357422,858.57360793748956
5.3559999999999999,94.999298095703125,875.48448773227051
5.3579999999999997,88.999298095703125,891.97404986961465
5.3600000000000003,88.999298095703125,907.91510222822751
5.3620000000000001,101.99919891357422,923.18536092091051
5.3639999999999999,85.999298095703125,937.66830688852008
5.3659999999999997,112.99909973144531,951.2539956143396
5.3680000000000003,94.999298095703125,963.83981439087529
5.3700000000000001,78.999397277832031,975.33118198333079
5.3719999999999999,97.999298095703125,985.64218598087825
5.3739999999999997,90.999298095703125,994.69615360571947
5.3760000000000003,107.99919891357422,1002.426152255269
5.3780000000000001,93.999298095703125,1008.7754165822388
5.3799999999999999,93.999298095703125,1013.6976994669653
5.3819999999999997,83.999397277832031,1017.1575448008376
5.3840000000000003,80.999397277832031,1019.1304805762219
5.3860000000000001,79.999397277832031,1019.6031313618898
5.3879999999999999,98.999198913574219,1018.5732498298227
5.3899999999999997,82.999397277832031,1016.0496675847601
5.3920000000000003,72.999397277832031,1012.0521661281169
5.3940000000000001,69.999496459960938,1006.6112693584345
5.3959999999999999,62.999500274658203,999.76795956829289
5.3979999999999997,87.999298095703125,991.57331943635643
5.4000000000000004,75.999397277832031,982.08810303300049
5.4020000000000001,69.999496459960938,971.38223935044778
5.4039999999999999,70.999496459960938,959.53427233487218
5.4059999999999997,87.999298095703125,946.63074183115225
5.4080000000000004,81.999397277832031,932.76551025168146
5.4100000000000001,75.999397277832031,918.03904014254272
5.4119999999999999,85.999298095703125,902.55762814465641
5.4139999999999997,70.999496459960938,886.4326011288947
5.4159999999999995,75.999397277832031,869.77948052347085
5.4180000000000001,72.999397277832031,852.71712104536687
5.4199999999999999,63.999500274658203,835.36683019670147
5.4219999999999997,74.999397277832031,817.85147498770266
5.4239999999999995,79.999397277832031,800.29458240287897
5.4260000000000002,78.999397277832031,782.81944013476834
5.4279999999999999,75.999397277832031,765.54820406896295
5.4299999999999997,65.999496459960938,748.60101891923478
5.4319999999999995,72.999397277832031,732.09515827909752
5.4340000000000002,65.999496459960938,716.14419018068565
5.4359999999999999,64.999496459960938,700.85717403301328
5.4379999999999997,53.999599456787109,686.33789455167687
5.4399999999999995,73.999397277832031,672.68413799422785
5.4420000000000002,57.999599456787109,659.98701567895887
5.444,73.999397277832031,648.33033939767108
5.4459999999999997,62.999500274658203,637.79005293109412
5.4479999999999995,60.999500274658203,628.4337234489667
5.4500000000000002,77.999397277832031,620.32009612343575
5.452,63.999500274658203,613.49871481010211
5.4539999999999997,69.999496459960938,608.00961115982716
5.4559999999999995,69.999496459960938,603.8830640176817
5.4580000000000002,83.999397277832031,601.13943044923394
5.46,63.999500274658203,599.78904921110075
5.4619999999999997,89.999298095703125,599.832216956867
5.4639999999999995,74.999397277832031,601.25923694403639
5.4660000000000002,88.999298095703125,604.05053948769637
5.468,77.999397277832031,608.17687289457763
5.4699999999999998,77.999397277832031,613.59956311112524
5.4719999999999995,69.999496459960938,620.27083983546368
5.4740000000000002,73.999397277832031,628.13422637740496
5.476,75.999397277832031,637.12499010780687
5.4779999999999998,79.999397277832031,647.17064992122323
5.4799999999999995,76.999397277832031,658.19153674550716
5.4820000000000002,87.999298095703125,670.10140277392907
5.484,75.999397277832031,682.80807476895586
5.4859999999999998,90.999298095703125,696.21414649762448
5.4879999999999995,95.999298095703125,710.21770510363558
5.4900000000000002,87.999298095703125,724.71308600879127
5.492,76.999397277832031,739.59165076050078
5.4939999999999998,93.999298095703125,754.74258211000324
5.4959999999999996,102.99919891357422,770.05369051379625
5.4980000000000002,69.999496459960938,785.41222620243582
5.5,79.999397277832031,800.70569095291296
5.5019999999999998,95.999298095703125,815.8226437373562
5.5039999999999996,76.999397277832031,830.65349449652399
5.5060000000000002,89.999298095703125,845.09128040504675
5.508,95.999298095703125,859.03241915220974
5.5099999999999998,100.99919891357422,872.37743395836503
5.5119999999999996,93.999298095703125,885.03164527882041
5.5140000000000002,79.999397277832031,896.90582441503159
5.516,79.999397277832031,907.91680455238964
5.5179999999999998,88.999298095703125,917.98804507465206
5.5199999999999996,73.999397277832031,927.0501453629945
5.5220000000000002,75.999397277832031,935.04130467113191
5.524,90.999298095703125,941.907725073189
5.5259999999999998,86.999298095703125,947.60395490615531
5.5279999999999996,83.999397277832031,952.09317056874715
5.5300000000000002,78.999397277832031,955.34739499281989
5.532,76.999397277832031,957.34765156534957
5.5339999999999998,71.999496459960938,958.08405274928327
5.5359999999999996,82.999397277832031,957.55582312207173
5.5380000000000003,89.999298095703125,955.77125702263015
5.54,57.999599456787109,952.74761146409162
5.5419999999999998,78.999397277832031,948.51093542943022
5.5439999999999996,73.999397277832031,943.09583711637242
5.5460000000000003,78.999397277832031,936.54519113276012
5.548,66.999496459960938,928.90978806295936
5.5499999999999998,65.999496459960938,920.24792922406868
5.5519999999999996,64.999496459960938,910.62496980759192
5.5540000000000003,87.999298095703125,900.11281395357662
5.556,83.999397277832031,888.78936562898696
5.5579999999999998,83.999397277832031,876.73793947577713
5.5599999999999996,69.999496459960938,864.04663605875089
5.5620000000000003,63.999500274658203,850.80768617228364
5.5640000000000001,69.999496459960938,837.11676906159209
5.5659999999999998,69.999496459960938,823.07230957302374
5.5679999999999996,78.999397277832031,808.77475937217002
5.5700000000000003,64.999496459960938,794.32586745284368
5.5720000000000001,54.999599456787109,779.82794520921652
5.5739999999999998,62.999500274658203,765.38313135217675
5.5759999999999996,73.999397277832031,751.09266192395012
5.5780000000000003,68.999496459960938,737.05615059934814
5.5800000000000001,64.999496459960938,723.37088436012755
5.5819999999999999,62.999500274658203,710.13113949093963
5.5839999999999996,57.999599456787109,697.42752267388948
5.5860000000000003,60.999500274658203,685.34634175181088
5.5880000000000001,70.999496459960938,673.96901049478913
5.5899999999999999,54.999599456787109,663.3714914365745
5.5919999999999996,61.999500274658203,653.62378055408317
5.5940000000000003,48.999599456787109,644.78943724337603
5.5960000000000001,52.999599456787109,636.92516270279714
5.5979999999999999,64.999496459960938,630.08042947144941
5.5999999999999996,74.999397277832031,624.2971644910715
5.6020000000000003,66.999496459960938,619.60948766324589
5.6040000000000001,67.999496459960938,616.04350746830289
5.6059999999999999,63.999500274658203,613.61717479478034
5.6079999999999997,46.999599456787109,612.34019570784744
5.6100000000000003,60.999500274658203,612.21400345941618
5.6120000000000001,59.999500274658203,613.2317896189943
5.6139999999999999,70.999496459960938,615.37859378281621
5.6159999999999997,57.999599456787109,618.63145090380624
5.6180000000000003,67.999496459960938,622.95959487968287
5.6200000000000001,60.999500274658203,628.32471664226114
5.6219999999999999,73.999397277832031,634.68127461240033
5.6239999999999997,69.999496459960938,641.97685502354966
5.6260000000000003,55.999599456787109,650.15257927504979
5.6280000000000001,60.999500274658203,659.14355515691614
5.6299999999999999,53.999599456787109,668.87936849306232
5.6319999999999997,71.999496459960938,679.28461148039435
5.6340000000000003,60.999500274658203,690.27944376155165
5.6360000000000001,78.999397277832031,701.7801820569747
5.6379999999999999,68.999496459960938,713.6999140028438
5.6399999999999997,90.999298095703125,725.9491316925737
5.6420000000000003,77.999397277832031,738.43638030515694
5.6440000000000001,89.999298095703125,751.06891712166805
5.6459999999999999,78.999397277832031,763.75337618406036
5.6479999999999997,65.999496459960938,776.39643383645364
5.6500000000000004,65.999496459960938,788.90547041026389
5.6520000000000001,78.999397277832031,801.1892233678517
5.6539999999999999,76.999397277832031,813.15842730737575
5.6559999999999997,66.999496459960938,824.72643635031181
5.6580000000000004,71.999496459960938,835.80982458412655
5.6600000000000001,78.999397277832031,846.32896041268634
5.6619999999999999,78.999397277832031,856.2085508766944
5.6639999999999997,66.999496459960938,865.37815224134363
5.6659999999999995,74.999397277832031,873.77264341000455
5.6680000000000001,65.999496459960938,881.33265900581034
5.6699999999999999,74.999397277832031,888.00497926840148
5.6719999999999997,73.999397277832031,893.74287423522935
5.6739999999999995,73.999397277832031,898.50640001671479
5.6760000000000002,84.999397277832031,902.26264532743733
5.6779999999999999,67.999496459960938,904.98592679881347
5.6799999999999997,75.999397277832031,906.65793197155097
5.6819999999999995,86.999298095703125,907.26780924381956
5.6840000000000002,74.999397277832031,906.81220443198333
5.6859999999999999,65.999496459960938,905.29524398204865
5.6879999999999997,76.999397277832031,902.72846524828924
5.6899999999999995,68.999496459960938,899.13069462942292
5.6920000000000002,74.999397277832031,894.52787471819647
5.694,65.999496459960938,888.95284197600449
5.6959999999999997,72.999397277832031,882.4450567862508
5.6979999999999995,66.999496459960938,875.05028806834525
5.7000000000000002,58.999500274658203,866.82025494408265
5.702,55.999599456787109,857.81222823861333
5.7039999999999997,52.999599456787109,848.0885948679412
5.7059999999999995,52.999599456787109,837.71638841040851
5.7080000000000002,72.999397277832031,826.7667893813134
5.71,62.999500274658203,815.3145989243958
5.7119999999999997,61.999500274658203,803.43768980149139
5.7139999999999995,70.999496459960938,791.21643870053686
5.7160000000000002,72.999397277832031,778.73314399223455
5.718,63.999500274658203,766.07143314415214
5.7199999999999998,48.999599456787109,753.31566405177989
5.7219999999999995,58.999500274658203,740.55032456369781
5.7240000000000002,59.999500274658203,727.85943446696001
5.726,57.999599456787109,715.32595415667095
5.7279999999999998,62.999500274658203,703.03120414208308
5.7299999999999995,60.999500274658203,691.05429944078685
5.7320000000000002,57.999599456787109,679.47160278391334
5.734,62.999500274658203,668.35620039882122
5.7359999999999998,67.999496459960938,657.77740395412866
5.7379999999999995,49.999599456787109,647.80028204602911
5.7400000000000002,51.999599456787109,638.48522437502697
5.742,57.999599456787109,629.88754151285661
5.7439999999999998,54.999599456787109,622.05710288982482
5.7459999999999996,68.999496459960938,615.03801534656907
5.7480000000000002,55.999599456787109,608.86834429303565
5.75,59.999500274658203,603.57987920326389
5.7519999999999998,61.999500274658203,599.1979448502957
5.7539999999999996,63.999500274658203,595.7412593531343
5.7560000000000002,51.999599456787109,593.22183976905103
5.758,55.999599456787109,591.64495562370485
5.7599999999999998,53.999599456787109,591.00913042905177
5.7619999999999996,54.999599456787109,591.30619089866332
5.7640000000000002,71.999496459960938,592.52136323346861
5.766,59.999500274658203,594.63341552149905
5.7679999999999998,56.999599456787109,597.61484497333231
5.7699999999999996,52.999599456787109,601.43210840516088
5.7720000000000002,52.999599456787109,606.04589408418315
5.774,42.999698638916016,611.41143276912464
5.7759999999999998,60.999500274658203,617.47884551366315
5.7779999999999996,68.999496459960938,624.19352555468686
5.7800000000000002,62.999500274658203,631.49655138173398
5.782,67.999496459960938,639.32512788014617
5.7839999999999998,66.999496459960938,647.61305226046113
5.7859999999999996,72.999397277832031,656.29120133061917
5.7880000000000003,70.999496459960938,665.28803653647424
5.79,56.999599456787109,674.53012309263954
5.7919999999999998,60.999500274658203,683.94265944712276
5.7939999999999996,74.999397277832031,693.45001327301986
5.7960000000000003,60.999500274658203,702.97626015725348
5.798,48.999599456787109,712.4457211602255
5.7999999999999998,63.999500274658203,721.78349545137598
5.8019999999999996,51.999599456787109,730.91598428345935
5.8040000000000003,57.999599456787109,739.77140265215837
5.806,66.999496459960938,748.28027509733079
5.8079999999999998,48.999599456787109,756.37591223534037
5.8099999999999996,55.999599456787109,763.99486476949858
5.8120000000000003,70.999496459960938,771.07735190474421
5.8140000000000001,71.999496459960938,777.56766129211974
5.8159999999999998,82.999397277832031,783.41451784821049
5.8179999999999996,57.999599456787109,788.57141903074933
5.8200000000000003,51.999599456787109,792.99693440355861
5.8220000000000001,54.999599456787109,796.65496759036705
5.8239999999999998,52.999599456787109,799.51497899460617
5.8259999999999996,47.999599456787109,801.55216794929368
5.8280000000000003,80.999397277832031,802.74761325717191
5.8300000000000001,57.999599456787109,803.08837138142576
5.8319999999999999,56.999599456787109,802.56753185153741
5.8339999999999996,72.999397277832031,801.18422975420219
5.8360000000000003,68.999496459960938,798.94361548384347
5.8380000000000001,53.999599456787109,795.85678222802699
5.8399999999999999,65.999496459960938,791.94065195976862
5.8419999999999996,66.999496459960938,787.21782099675795
5.8440000000000003,64.999496459960938,781.71636646787476
5.8460000000000001,42.999698638916016,775.46961529468444
5.8479999999999999,64.999496459960938,768.51587755177411
5.8499999999999996,65.999496459960938,760.89814630945
5.8520000000000003,56.999599456787109,752.66376628710134
5.8540000000000001,58.999500274658203,743.86407385127654
5.8559999999999999,55.999599456787109,734.554011079882
5.8579999999999997,78.999397277832031,724.79171678021908
5.8600000000000003,79.999397277832031,714.63809749407824
5.8620000000000001,58.999500274658203,704.15638164570203
5.8639999999999999,63.999500274658203,693.41166008774951
5.8659999999999997,41.999698638916016,682.47041637746668
5.8680000000000003,61.999500274658203,671.40005016570035
5.8700000000000001,66.999496459960938,660.26839711058835
5.8719999999999999,55.999599456787109,649.14324872987709
5.8739999999999997,54.999599456787109,638.09187558601718
5.8760000000000003,60.999500274658203,627.18055715238131
5.8780000000000001,53.999599456787109,616.47412164195009
5.8799999999999999,46.999599456787109,606.03549898755148
5.8819999999999997,60.999500274658203,595.92529005085214
5.8840000000000003,58.999500274658203,586.20135500236722
5.8860000000000001,70.999496459960938,576.91842366119727
5.8879999999999999,38.999698638916016,568.12773040991908
5.8899999999999997,51.999599456787109,559.87667610972119
5.8920000000000003,61.999500274658203,552.20851923515431
5.8940000000000001,46.999599456787109,545.16209822586234
5.8959999999999999,49.999599456787109,538.77158682054051
5.8979999999999997,52.999599456787109,533.0662838925881
5.9000000000000004,47.999599456787109,528.07043905396506
5.9020000000000001,58.999500274658203,523.80311503211612
5.9039999999999999,54.999599456787109,520.27808755810543
5.9059999999999997,59.999500274658203,517.50378323456084
5.9080000000000004,49.999599456787109,515.48325557923602
5.9100000000000001,51.999599456787109,514.21419916943489
5.9119999999999999,58.999500274658203,513.68900154270364
5.9139999999999997,44.999698638916016,513.89483224443609
5.9160000000000004,49.999599456787109,514.81376815391479
5.9180000000000001,60.999500274658203,516.4229539690474
5.9199999999999999,60.999500274658203,518.69479648824642
5.9219999999999997,65.999496459960938,521.59719109757691
5.9239999999999995,52.999599456787109,525.09377865351303
5.9260000000000002,35.999698638916016,529.14423074793024
5.9279999999999999,54.999599456787109,533.70456115402305
5.9299999999999997,67.999496459960938,538.72746108116041
5.9319999999999995,51.999599456787109,544.16265571268264
5.9340000000000002,57.999599456787109,549.95727936698825
5.9359999999999999,52.999599456787109,556.05626650718159
5.9379999999999997,47.999599456787109,562.40275573065412
5.9399999999999995,62.999500274658203,568.93850379636172
5.9420000000000002,58.999500274658203,575.60430669594632
5.944,50.999599456787109,582.34042474418209
5.9459999999999997,41.999698638916016,589.08700865546518
5.9479999999999995,52.999599456787109,595.78452358613117
5.9500000000000002,65.999496459960938,602.37416815594088
5.952,48.999599456787109,608.79828551762034
5.9539999999999997,43.999698638916016,615.00076361855861
5.9559999999999995,47.999599456787109,620.92742189375019
5.9580000000000002,62.999500274658203,626.52638174357185
5.96,60.999500274658203,631.74841828183503
5.9619999999999997,50.999599456787109,636.54729098861685
5.9639999999999995,66.999496459960938,640.88005106752098
5.9660000000000002,51.999599456787109,644.70732348579008
5.968,50.999599456787109,647.99356186901719
5.9699999999999998,44.999698638916016,650.70727462564207
5.9719999999999995,62.999500274658203,652.82122089126517
5.9740000000000002,63.999500274658203,654.3125751055818
5.976,51.999599456787109,655.16305926480254
5.9779999999999998,57.999599456787109,655.35904212737012
5.9799999999999995,51.999599456787109,654.89160488983441
5.9820000000000002,64.999496459960938,653.756573090188
5.984,48.999599456787109,651.95451473681226
5.9859999999999998,49.999599456787109,649.49070490035376
5.9879999999999995,56.999599456787109,646.37505724184962
5.9900000000000002,63.999500274658203,642.62202318157142
5.992,46.999599456787109,638.25045963724074
5.9939999999999998,47.999599456787109,633.28346647740238
5.9959999999999996,59.999500274658203,627.74819504221114
5.9980000000000002,52.999599456787109,621.67562928003588
6,50.999599456787109,615.10034123228991
6.0019999999999998,59.999500274658203,608.0602227688654
6.0039999999999996,54.999599456787109,600.59619563267427
6.0060000000000002,57.999599456787109,592.75190199124347
6.008,52.999599456787109,584.57337781800913
6.0099999999999998,63.999500274658203,576.10871153066978
6.0119999999999996,53.999599456787109,567.4076904042812
6.0140000000000002,48.999599456787109,558.52143734509525
6.016,50.999599456787109,549.50204066338154
6.0179999999999998,47.999599456787109,540.40217951522663
6.0199999999999996,54.999599456787109,531.27474769645255
6.0220000000000002,47.999599456787109,522.172478465518
6.024,56.999599456787109,513.14757304746081
6.0259999999999998,56.999599456787109,504.25133542709193
6.0279999999999996,64.999496459960938,495.53381597776865
6.0300000000000002,44.999698638916016,487.04346639246796
6.032,49.999599456787109,478.82680828748573
6.0339999999999998,54.999599456787109,470.92811773614307
6.0359999999999996,50.999599456787109,463.38912786208579
6.0380000000000003,47.999599456787109,456.24875147920096
6.04,55.999599456787109,449.54282561012553
6.0419999999999998,53.999599456787109,443.30387954749585
6.0439999999999996,54.999599456787109,437.56092794415605
6.0460000000000003,50.999599456787109,432.3392902309626
6.048,51.999599456787109,427.6604374655891
6.0499999999999998,46.999599456787109,423.54186751301052
6.0519999999999996,52.999599456787109,419.99700925218218
6.0540000000000003,59.999500274658203,417.03515629198284
6.056,53.999599456787109,414.6614304671985
6.0579999999999998,54.999599456787109,412.87677517200984
6.0599999999999996,42.999698638916016,411.6779783762363
6.0620000000000003,58.999500274658203,411.05772495995336
6.0640000000000001,49.999599456787109,411.00467779626013
6.0659999999999998,59.999500274658203,411.50358681174544
6.0679999999999996,54.999599456787109,412.53542506084403
6.0700000000000003,53.999599456787109,414.07755066464222
6.0720000000000001,62.999500274658203,416.10389328893194
6.0739999999999998,51.999599456787109,418.58516367094035
6.0759999999999996,50.999599456787109,421.48908455036474
6.0780000000000003,48.999599456787109,424.78064121951195
6.0800000000000001,38.999698638916016,428.4223497799382
6.0819999999999999,52.999599456787109,432.37454108006654
6.0839999999999996,43.999698638916016,436.59565821057049
6.0860000000000003,46.999599456787109,441.04256535220435
6.0880000000000001,38.999698638916016,445.67086570516597
6.0899999999999999,50.999599456787109,450.43522617957979
6.0919999999999996,51.999599456787109,455.28970649451588
6.0940000000000003,55.999599456787109,460.18809031747463
6.0960000000000001,33.999698638916016,465.08421607757123
6.0979999999999999,44.999698638916016,469.93230510427713
6.0999999999999996,46.999599456787109,474.68728477789057
6.1020000000000003,52.999599456787109,479.30510442960866
6.1040000000000001,50.999599456787109,483.74304179522534
6.1059999999999999,48.999599456787109,487.95999790902277
6.1079999999999997,43.999698638916016,491.91677842030072
6.1100000000000003,44.999698638916016,495.57635942542805
6.1120000000000001,41.999698638916016,498.90413603123483
6.1139999999999999,46.999599456787109,501.8681520000431
6.1159999999999997,42.999698638916016,504.43930897268967
6.1180000000000003,44.999698638916016,506.59155392069738
6.1200000000000001,49.999599456787109,508.30204364303574
6.1219999999999999,48.999599456787109,509.55128529391493
6.1239999999999997,51.999599456787109,510.32325210523345
6.1260000000000003,54.999599456787109,510.60547364937446
6.1280000000000001,35.999698638916016,510.38910017363389
6.1299999999999999,47.999599456787109,509.66894072463833
6.1319999999999997,56.999599456787109,508.44347497001854
6.1340000000000003,54.999599456787109,506.71483881161811
6.1360000000000001,56.999599456787109,504.48878407087034
6.1379999999999999,57.999599456787109,501.77461270901398
6.1399999999999997,43.999698638916016,498.58508622312098
6.1420000000000003,50.999599456787109,494.9363110311088
6.1440000000000001,38.999698638916016,490.84760082421485
6.1459999999999999,49.999599456787109,486.34131702273095
6.1479999999999997,46.999599456787109,481.44268861881756
6.1500000000000004,50.999599456787109,476.17961282866662
6.1520000000000001,47.999599456787109,470.58243810273382
6.1539999999999999,42.999698638916016,464.68373115821174
6.1559999999999997,51.999599456787109,458.51802980069692
6.1580000000000004,50.999599456787109,452.12158339073136
6.1600000000000001,43.999698638916016,445.53208288697948
6.1619999999999999,42.999698638916016,438.78838245861834
6.1639999999999997,34.999698638916016,431.93021470649484
6.1660000000000004,41.999698638916016,424.99790156438831
6.1680000000000001,45.999599456787109,418.03206296844871
6.1699999999999999,40.999698638916016,411.07332538517795
6.1719999999999997,50.999599456787109,404.1620322748451
6.1740000000000004,61.999500274658203,397.33795854016239
6.1760000000000002,43.999698638916016,390.64003096745773
6.1779999999999999,50.999599456787109,384.10605661196149
6.1799999999999997,56.999599456787109,377.77246100871389
6.1819999999999995,48.999599456787109,371.67403800861507
6.1840000000000002,45.999599456787109,365.84371294393014
6.1859999999999999,36.999698638916016,360.31232072137357
6.1879999999999997,44.999698638916016,355.10840032397221
6.1899999999999995,52.999599456787109,350.25800707599353
6.1920000000000002,61.999500274658203,345.78454388979929
6.194,44.999698638916016,341.70861256995931
6.1959999999999997,35.999698638916016,338.04788610001651
6.1979999999999995,39.999698638916016,334.81700268145232
6.2000000000000002,57.999599456787109,332.02748213446006
6.202,53.999599456787109,329.6876651065499
6.2039999999999997,51.999599456787109,327.80267536949486
6.2059999999999995,46.999599456787109,326.37440531880151
6.2080000000000002,37.999698638916016,325.40152462362823
6.21,49.999599456787109,324.87951181046327
6.2119999999999997,50.999599456787109,324.80070840179724
6.2139999999999995,60.999500274658203,325.15439507274777
6.2160000000000002,58.999500274658203,325.92688913518373
6.218,51.999599456787109,327.1016625115011
6.2199999999999998,36.999698638916016,328.65947921943604
6.2219999999999995,54.999599456787109,330.57855125715918
6.2240000000000002,33.999698638916016,332.83471165332259
6.226,58.999500274658203,335.40160333338594
6.2279999999999998,55.999599456787109,338.25088234895543
6.2299999999999995,42.999698638916016,341.35243392455845
6.2320000000000002,48.999599456787109,344.67459969484014
6.234,56.999599456787109,348.18441443631002
6.2359999999999998,54.999599456787109,351.84785054114042
6.2379999999999995,44.999698638916016,355.63006843697849
6.2400000000000002,40.999698638916016,359.49567112611606
6.242,44.999698638916016,363.40896100019
6.2439999999999998,56.999599456787109,367.33419708237153
6.2459999999999996,40.999698638916016,371.23585085818337
6.2480000000000002,34.999698638916016,375.07885887845163
6.25,42.999698638916016,378.82887035256522
6.2519999999999998,34.999698638916016,382.45248799804023
6.2539999999999996,51.999599456787109,385.91750047161725
6.2560000000000002,57.999599456787109,389.19310477833272
6.258,56.999599456787109,392.25011713704396
6.2599999999999998,43.999698638916016,395.06117087311378
6.2619999999999996,47.999599456787109,397.60090001099115
6.2640000000000002,48.999599456787109,399.84610735007175
6.266,40.999698638916016,401.77591592588476
6.2679999999999998,38.999698638916016,403.37190288451296
6.2699999999999996,40.999698638916016,404.61821492958791
6.2720000000000002,29.999799728393555,405.50166463875536
6.274,51.999599456787109,406.01180708686894
6.2759999999999998,51.999599456787109,406.14099635804564
6.2779999999999996,44.999698638916016,405.88442167432169
6.2800000000000002,44.999698638916016,405.24012301625851
6.282,47.999599456787109,404.20898625769212
6.2839999999999998,41.999698638916016,402.79471798311579
6.2859999999999996,38.999698638916016,401.00380029969136
6.2880000000000003,40.999698638916016,398.84542609704232
6.29,52.999599456787109,396.33141534408026
6.2919999999999998,54.999599456787109,393.4761131439887
6.2939999999999996,54.999599456787109,390.2962703937763
6.2960000000000003,44.999698638916016,386.81090801349598
6.298,45.999599456787109,383.04116582132463
6.2999999999999998,47.999599456787109,379.01013723313866
6.3019999999999996,45.999599456787109,374.74269105903215
6.3040000000000003,48.999599456787109,370.26528175280293
6.306,47.999599456787109,365.60574954441461
6.3079999999999998,43.999698638916016,360.79311194819479
6.3099999999999996,34.999698638916016,355.85734819159336
6.3120000000000003,40.999698638916016,350.82917815006954
6.3140000000000001,43.999698638916016,345.73983740232194
6.3159999999999998,43.999698638916016,340.62085003798586
6.3179999999999996,47.999599456787109,335.50380085497295
6.3200000000000003,30.999799728393555,330.42010857781867
6.3220000000000001,41.999698638916016,325.4008017107044
6.3239999999999998,48.999599456787109,320.47629860950786
6.3259999999999996,51.999599456787109,315.67619331716031
6.3280000000000003,56.999599456787109,311.02904865567308
6.3300000000000001,46.999599456787109,306.56219800663871
6.3319999999999999,37.999698638916016,302.30155714113187
6.3339999999999996,50.999599456787109,298.27144737941063
6.3360000000000003,39.999698638916016,294.49443127187544
6.3380000000000001,40.999698638916016,290.99116189564546
6.3399999999999999,48.999599456787109,287.78024675724407
6.3419999999999996,55.999599456787109,284.8781271810638
6.3440000000000003,54.999599456787109,282.29897394734633
6.3460000000000001,54.999599456787109,280.05459982247675
6.3479999999999999,64.999496459960938,278.15438949977772
6.3499999999999996,46.999599456787109,276.60524734150334
6.3520000000000003,38.999698638916016,275.4115631829593
6.3540000000000001,53.999599456787109,274.57519632946867
6.3559999999999999,43.999698638916016,274.09547774575924
6.3579999999999997,51.999599456787109,273.96923030790555
6.3600000000000003,39.999698638916016,274.19080685956408
6.3620000000000001,57.999599456787109,274.75214568889265
6.3639999999999999,45.999599456787109,275.64284292061961
6.3659999999999997,48.999599456787109,276.8502412000804
6.3680000000000003,43.999698638916016,278.35953393381192
6.3700000000000001,45.999599456787109,280.15388424471172
6.3719999999999999,49.999599456787109,282.21455770017144
6.3739999999999997,51.999599456787109,284.52106777912866
6.3760000000000003,37.999698638916016,287.0513329595239
6.3780000000000001,47.999599456787109,289.78184423181074
6.3799999999999999,58.999500274658203,292.68784177712513
6.3819999999999997,36.999698638916016,295.74349949136877
6.3840000000000003,49.999599456787109,298.92211598840379
6.3860000000000001,38.999698638916016,302.19631067833359
6.3879999999999999,50.999599456787109,305.53822348895369
6.3899999999999997,50.999599456787109,308.91971678157387
6.3920000000000003,46.999599456787109,312.31257800589555
6.3940000000000001,51.999599456787109,315.68872164217049
6.3959999999999999,58.999500274658203,319.02038899327272
6.3979999999999997,35.999698638916016,322.28034441328691
6.4000000000000004,48.999599456787109,325.44206659377517
6.4020000000000001,36.999698638916016,328.47993357232463
6.4039999999999999,58.999500274658203,331.36940018142349
6.4059999999999997,39.999698638916016,334.08716671732395
6.4080000000000004,37.999698638916016,336.6113376787705
6.4100000000000001,34.999698638916016,338.92156950363187
6.4119999999999999,34.999698638916016,340.99920631631886
6.4139999999999997,45.999599456787109,342.82740279060715
6.4160000000000004,50.999599456787109,344.39123332992608
6.4180000000000001,33.999698638916016,345.67778686963771
6.4199999999999999,55.999599456787109,346.67624671266037
6.4219999999999997,40.999698638916016,347.37795492015681
6.4240000000000004,40.999698638916016,347.77646089209111
6.4260000000000002,44.999698638916016,347.86755388742927
6.4279999999999999,44.999698638916016,347.64927934986207
6.4299999999999997,47.999599456787109,347.12193902108663
6.4319999999999995,44.999698638916016,346.2880749396279
6.4340000000000002,40.999698638916016,345.15243753720705
6.4359999999999999,34.999698638916016,343.72193815692043
6.4379999999999997,46.999599456787109,342.00558642650338
6.4399999999999995,41.999698638916016,340.01441302528235
6.4420000000000002,53.999599456787109,337.76137848426964
6.444,50.999599456787109,335.26126875446846
6.4459999999999997,48.999599456787109,332.53057836836166
6.4479999999999995,52.999599456787109,329.58738210290693
6.4500000000000002,42.999698638916016,326.45119612883923
6.452,46.999599456787109,323.14282969998408
6.4539999999999997,46.999599456787109,319.68422849736749
6.4559999999999995,35.999698638916016,316.09831079552231
6.4580000000000002,46.999599456787109,312.40879766260838
6.46,42.999698638916016,308.6400384408978
6.4619999999999997,48.999599456787109,304.81683278062184
6.4639999999999995,60.999500274658203,300.96425051664096
6.4660000000000002,42.999698638916016,297.10745068517372
6.468,44.999698638916016,293.27150097622092
6.4699999999999998,40.999698638916016,289.48119890606949
6.4719999999999995,38.999698638916016,285.76089597453904
6.4740000000000002,33.999698638916016,282.13432604266461
6.476,45.999599456787109,278.62443912880622
6.4779999999999998,35.999698638916016,275.25324177573953
6.4799999999999995,37.999698638916016,272.04164508710477
6.4820000000000002,43.999698638916016,269.0093214706377
6.484,28.999799728393555,266.17457105726749
6.4859999999999998,30.999799728393555,263.55419869036439
6.4879999999999995,42.999698638916016,261.16340229882911
6.4900000000000002,44.999698638916016,259.0156733817164
6.492,52.999599456787109,257.12271024152403
6.4939999999999998,53.999599456787109,255.49434450846692
6.4959999999999996,57.999599456787109,254.13848140050581
6.4980000000000002,40.999698638916016,253.06105406303041
6.5,45.999599456787109,252.26599223012889
6.5019999999999998,48.999599456787109,251.75520534567423
6.5039999999999996,49.999599456787109,251.52858017888053
6.5060000000000002,29.999799728393555,251.58399286554194
6.508,45.999599456787109,251.91733520377966
6.5099999999999998,57.999599456787109,252.52255493280805
6.5119999999999996,32.999698638916016,253.39170962532037
6.5140000000000002,40.999698638916016,254.51503372925677
6.516,40.999698638916016,255.88101820414906
6.5179999999999998,41.999698638916016,257.47650211067673
6.5199999999999996,43.999698638916016,259.28677543107773
6.5220000000000002,34.999698638916016,261.29569232223542
6.524,54.999599456787109,263.48579393394255
6.5259999999999998,38.999698638916016,265.83843986200469
6.5279999999999996,47.999599456787109,268.3339472497824
6.5300000000000002,32.999698638916016,270.95173650342701
6.532,41.999698638916016,273.67048254517681
6.5339999999999998,49.999599456787109,276.46827049596556
6.5359999999999996,47.999599456787109,279.32275465389415
6.5380000000000003,47.999599456787109,282.21131961830758
6.54,51.999599456787109,285.11124240084939
6.5419999999999998,45.999599456787109,287.99985436479488
6.5439999999999996,41.999698638916016,290.85470184198471
6.5460000000000003,38.999698638916016,293.65370429311054
6.548,29.999799728393555,296.37530890114436
6.5499999999999998,38.999698638916016,298.99864051969161
6.5519999999999996,52.999599456787109,301.50364593768313
6.5540000000000003,33.999698638916016,303.8712314681332
6.556,49.999599456787109,306.08339292212736
6.5579999999999998,46.999599456787109,308.1233370890526
6.5599999999999996,45.999599456787109,309.97559390942831
6.5620000000000003,40.999698638916016,311.62611859781231
6.5640000000000001,42.999698638916016,313.06238304907981
6.5659999999999998,34.999698638916016,314.27345594130566
6.5679999999999996,40.999698638916016,315.25007103260015
6.5700000000000003,42.999698638916016,315.98468323563395
6.5720000000000001,39.999698638916016,316.47151214333167
6.5739999999999998,49.999599456787109,316.70657276993273
6.5759999999999996,31.999799728393555,316.687693364052
6.5780000000000003,43.999698638916016,316.41452024289902
6.5800000000000001,29.999799728393555,315.88850968924214
6.5819999999999999,49.999599456787109,315.11290704458219
6.5839999999999996,44.999698638916016,314.09271322167791
6.5860000000000003,38.999698638916016,312.8346389480609
6.5880000000000001,43.999698638916016,311.34704713703178
6.5899999999999999,55.999599456787109,309.63988386475711
6.5919999999999996,40.999698638916016,307.72459851010638
6.5940000000000003,46.999599456787109,305.61405368746415
6.5960000000000001,33.999698638916016,303.32242567150865
6.5979999999999999,33.999698638916016,300.86509607620928
6.5999999999999996,41.999698638916016,298.25853560795377
6.6020000000000003,31.999799728393555,295.52018076400651
6.6040000000000001,31.999799728393555,292.66830439256421
6.6059999999999999,41.999698638916016,289.72188106848199
6.6079999999999997,40.999698638916016,286.70044827039749
6.6100000000000003,43.999698638916016,283.62396436831455
6.6120000000000001,32.999698638916016,280.51266444791639
6.6139999999999999,56.999599456787109,277.38691500687503
6.6159999999999997,34.999698638916016,274.26706856022503
6.6180000000000003,48.999599456787109,271.17331918667236
6.6200000000000001,45.999599456787109,268.125560034621
6.6219999999999999,46.999599456787109,265.14324378702003
6.6239999999999997,39.999698638916016,262.24524705699366
6.6260000000000003,42.999698638916016,259.44973965287846
6.6280000000000001,47.999599456787109,256.77405961091949
6.6299999999999999,29.999799728393555,254.23459484787347
6.6319999999999997,43.999698638916016,251.84667223363235
6.6340000000000003,27.999799728393555,249.62445482681349
6.6360000000000001,52.999599456787109,247.58084795376908
6.6379999999999999,38.999698638916016,245.72741474491764
6.6399999999999997,39.999698638916016,244.0743016715696
6.6420000000000003,35.999698638916016,242.63017455229581
6.6440000000000001,39.999698638916016,241.40216542088282
6.6459999999999999,27.999799728393555,240.39583056868341
6.6479999999999997,33.999698638916016,239.6151199930911
6.6500000000000004,35.999698638916016,239.06235840157916
6.6520000000000001,45.999599456787109,238.7382378381208
6.6539999999999999,47.999599456787109,238.64182191594125
6.6559999999999997,38.999698638916016,238.77056155849561
6.6580000000000004,38.999698638916016,239.12032206948109
6.6600000000000001,34.999698638916016,239.68542127371606
6.6619999999999999,31.999799728393555,240.45867839358894
6.6639999999999997,45.999599456787109,241.43147325193823
6.6660000000000004,45.999599456787109,242.59381532130158
6.6680000000000001,49.999599456787109,243.93442207285955
6.6699999999999999,37.999698638916016,245.44080601549709
6.6719999999999997,39.999698638916016,247.09936975774687
6.6740000000000004,42.999698638916016,248.89550837239207
6.6760000000000002,39.999698638916016,250.81371829615284
6.6779999999999999,30.999799728393555,252.83771195513401
6.6799999999999997,31.999799728393555,254.95053727116436
6.6820000000000004,32.999698638916016,257.13470117434503
6.6840000000000002,36.999698638916016,259.37229622433938
6.6859999999999999,44.999698638916016,261.64512942606018
6.6879999999999997,22.999799728393555,263.93485231532088
6.6899999999999995,37.999698638916016,266.22309138685625
6.6920000000000002,34.999698638916016,268.49157793977912
6.694,50.999599456787109,270.72227642565514
6.6959999999999997,40.999698638916016,272.89751040015079
6.6979999999999995,43.999698638916016,275.00008520159639
6.7000000000000002,48.999599456787109,277.01340650844315
6.702,41.999698638916016,278.92159396138589
6.7039999999999997,42.999698638916016,280.70958907627374
6.7059999999999995,40.999698638916016,282.36325671846811
6.7080000000000002,42.999698638916016,283.86947945948873
6.71,41.999698638916016,285.21624419123549
6.7119999999999997,42.999698638916016,286.39272043137851
6.7139999999999995,36.999698638916016,287.38932981587669
6.7160000000000002,41.999698638916016,288.19780633987449
6.718,48.999599456787109,288.81124697620567
6.7199999999999998,59.999500274658203,289.2241523711437
6.7219999999999995,28.999799728393555,289.43245738893205
6.7240000000000002,37.999698638916016,289.43355134968971
6.726,39.999698638916016,289.22628787933587
6.7279999999999998,50.999599456787109,288.81098436380978
6.7299999999999995,46.999599456787109,288.18941107363759
6.7320000000000002,50.999599456787109,287.36477009740116
6.734,51.999599456787109,286.34166429384624
6.7359999999999998,45.999599456787109,285.12605654174041
6.7379999999999995,43.999698638916016,283.72521963347054
6.7400000000000002,34.999698638916016,282.14767722228424
6.742,40.999698638916016,280.40313629397906
6.7439999999999998,41.999698638916016,278.50241169081579
6.7459999999999996,49.999599456787109,276.45734326847088
6.7480000000000002,28.999799728393555,274.28070631526379
6.75,45.999599456787109,271.98611590684317
6.7519999999999998,44.999698638916016,269.58792590816768
6.7539999999999996,42.999698638916016,267.10112336823227
6.7560000000000002,47.999599456787109,264.54121908096818
6.758,42.999698638916016,261.92413510806716
6.7599999999999998,37.999698638916016,259.26609007634352
6.7619999999999996,41.999698638916016,256.58348307268255
6.7640000000000002,34.999698638916016,253.89277696496316
6.766,45.999599456787109,251.21038197596195
6.7679999999999998,39.999698638916016,248.55254033068169
6.7699999999999996,45.999599456787109,245.93521278489385
6.7720000000000002,29.999799728393555,243.37396782444125
6.774,41.999698638916016,240.88387430127889
6.7759999999999998,30.999799728393555,238.47939824314207
6.7779999999999996,39.999698638916016,236.17430453991886
6.7800000000000002,38.999698638916016,233.98156417092557
6.782,48.999599456787109,231.91326759422245
6.7839999999999998,36.999698638916016,229.98054487164862
6.7859999999999996,35.999698638916016,228.19349305238492
6.7880000000000003,40.999698638916016,226.56111128311863
6.79,45.999599456787109,225.09124405581883
6.7919999999999998,38.999698638916016,223.790532943692
6.7939999999999996,53.999599456787109,222.66437711430265
6.7960000000000003,38.999698638916016,221.71690284467476
6.798,40.999698638916016,220.95094219849602
6.7999999999999998,29.999799728393555,220.36802095979235
6.8019999999999996,44.999698638916016,219.96835585151285
6.8040000000000003,42.999698638916016,219.75086100171094
6.806,37.999698638916016,219.7131635550175
6.8079999999999998,44.999698638916016,219.85162826314047
6.8099999999999996,29.999799728393555,220.16139082567483
6.8120000000000003,40.999698638916016,220.63639969235396
6.8140000000000001,41.999698638916016,221.26946597963939
6.8159999999999998,23.999799728393555,222.05232109976728
6.8179999999999996,54.999599456787109,222.97568164801825
6.8200000000000003,39.999698638916016,224.02932104596604
6.8220000000000001,35.999698638916016,225.20214739348424
6.8239999999999998,45.999599456787109,226.48228694225051
6.8259999999999996,48.999599456787109,227.85717256709302
6.8280000000000003,59.999500274658203,229.31363658040055
6.8300000000000001,36.999698638916016,230.83800720810882
6.8319999999999999,42.999698638916016,232.4162080241662
6.8339999999999996,46.999599456787109,234.03385962388589
6.8360000000000003,29.999799728393555,235.67638280532967
6.8380000000000001,44.999698638916016,237.32910252170825
6.8399999999999999,34.999698638916016,238.97735186698401
6.8419999999999996,28.999799728393555,240.6065753611293
6.8440000000000003,39.999698638916016,242.20243081124596
6.8460000000000001,39.999698638916016,243.7508890389816
6.8479999999999999,31.999799728393555,245.23833078450605
6.8499999999999996,29.999799728393555,246.65164012130398
6.8520000000000003,41.999698638916016,247.97829374496203
6.8540000000000001,30.999799728393555,249.20644553208524
6.8559999999999999,38.999698638916016,250.3250058028747
6.8579999999999997,31.999799728393555,251.3237147614748
6.8600000000000003,32.999698638916016,252.19320963294356
6.8620000000000001,35.999698638916016,252.92508506278978
6.8639999999999999,43.999698638916016,253.51194639573751
6.8659999999999997,39.999698638916016,253.94745550248504
6.8680000000000003,36.999698638916016,254.22636887842674
6.8700000000000001,34.999698638916016,254.34456779410954
6.8719999999999999,31.999799728393555,254.29908033486646
6.8739999999999997,30.999799728393555,254.08809522534483
6.8760000000000003,39.999698638916016,253.71096739308362
6.8780000000000001,34.999698638916016,253.16821528397236
6.8799999999999999,33.999698638916016,252.46151000052123
6.8819999999999997,45.999599456787109,251.59365639106244
6.8840000000000003,37.999698638916016,250.56856627396681
6.8860000000000001,38.999698638916016,249.39122403527264
6.8879999999999999,31.999799728393555,248.06764489050568
6.8899999999999997,32.999698638916016,246.60482615115328
6.8920000000000003,27.999799728393555,245.0106918836897
6.8940000000000001,40.999698638916016,243.2940313930456
6.8959999999999999,39.999698638916016,241.4644320032059
6.8979999999999997,41.999698638916016,239.53220664502516
6.9000000000000004,30.999799728393555,237.50831679454228
6.9020000000000001,34.999698638916016,235.40429133447256
6.9039999999999999,33.999698638916016,233.23214193682961
6.9059999999999997,37.999698638916016,231.00427558506797
6.9080000000000004,26.999799728393555,228.73340487067921
6.9100000000000001,40.999698638916016,226.43245671060401
6.9119999999999999,40.999698638916016,224.11448013902836
6.9139999999999997,43.999698638916016,221.79255382930518
6.9160000000000004,38.999698638916016,219.47969399961886
6.9180000000000001,35.999698638916016,217.18876334912957
6.9199999999999999,31.999799728393555,214.93238165971101
6.9219999999999997,32.999698638916016,212.72283868301932
6.9240000000000004,28.999799728393555,210.57200991203732
6.9260000000000002,42.999698638916016,208.49127581251682
6.9279999999999999,34.999698638916016,206.49144506133504
6.9299999999999997,35.999698638916016,204.58268230718954
6.9320000000000004,32.999698638916016,202.77444093379424
6.9340000000000002,38.999698638916016,201.07540126734466
6.9359999999999999,42.999698638916016,199.49341462886272
6.9379999999999997,40.999698638916016,198.03545358818232
6.9400000000000004,36.999698638916016,196.70756873024266
6.9420000000000002,39.999698638916016,195.5148521965485
6.944,43.999698638916016,194.46140821511372
6.9459999999999997,34.999698638916016,193.5503307814212
6.9479999999999995,21.999799728393555,192.78368860167546
6.9500000000000002,44.999698638916016,192.1625173574844
6.952,41.999698638916016,191.68681929911068
6.9539999999999997,36.999698638916016,191.35557012278537
6.9559999999999995,32.999698638916016,191.1667330363903
6.9580000000000002,44.999698638916016,191.11727986769563
6.96,41.999698638916016,191.20321902075193
6.9619999999999997,37.999698638916016,191.41963003874588
6.9639999999999995,54.999599456787109,191.76070448687184
6.9660000000000002,35.999698638916016,192.21979282577016
6.968,33.999698638916016,192.78945690612963
6.9699999999999998,35.999698638916016,193.46152767775641
6.9719999999999995,38.999698638916016,194.22716767214973
6.9740000000000002,27.999799728393555,195.07693778707051
6.976,43.999698638916016,196.0008678739604
6.9779999999999998,39.999698638916016,196.98853060574865
6.9799999999999995,33.999698638916016,198.02911808274098
6.9820000000000002,44.999698638916016,199.11152061852508
6.984,37.999698638916016,200.22440713595165
6.9859999999999998,27.999799728393555,201.35630659585536
6.9879999999999995,30.999799728393555,202.49568987736657
6.9900000000000002,50.999599456787109,203.63105152954432
6.992,35.999698638916016,204.75099081846804
6.9939999999999998,34.999698638916016,205.84429150297007
6.9959999999999996,33.999698638916016,206.89999978453972
6.9980000000000002,26.999799728393555,207.90749989372529
7,29.999799728393555,208.85658679532165
7.0019999999999998,32.999698638916016,209.73753551849327
7.0039999999999996,33.999698638916016,210.54116664497766
7.0060000000000002,35.999698638916016,211.25890751866214
7.008,46.999599456787109,211.88284877288606
7.0099999999999998,29.999799728393555,212.40579580754809
7.0119999999999996,35.999698638916016,212.82131488608476
7.0140000000000002,36.999698638916016,213.1237735625237
7.016,38.999698638916016,213.30837519079228
7.0179999999999998,33.999698638916016,213.3711873117816
7.0199999999999996,40.999698638916016,213.30916375817043
7.0220000000000002,37.999698638916016,213.12016036259217
7.024,33.999698638916016,212.80294420033505
7.0259999999999998,36.999698638916016,212.35719634414031
7.0279999999999996,38.999698638916016,211.78350815436454
7.0300000000000002,34.999698638916016,211.08337117339701
7.032,38.999698638916016,210.25916073784393
7.0339999999999998,34.999698638916016,209.31411346557363
7.0359999999999996,34.999698638916016,208.25229881697803
7.0380000000000003,29.999799728393555,207.07858497027271
7.04,34.999698638916016,205.79859928918785
7.0419999999999998,38.999698638916016,204.418683697836
7.0439999999999996,35.999698638916016,202.94584531129709
7.0460000000000003,36.999698638916016,201.3877027017657
7.048,29.999799728393555,199.75242820834501
7.0499999999999998,30.999799728393555,198.04868672381312
7.0519999999999996,42.999698638916016,196.28557141373841
7.0540000000000003,31.999799728393555,194.47253684194843
7.056,35.999698638916016,192.619329991548
7.0579999999999998,33.999698638916016,190.73591968228976
7.0599999999999996,37.999698638916016,188.83242489313264
7.0620000000000003,31.999799728393555,186.91904250323773
7.0640000000000001,40.999698638916016,185.00597496528988
7.0659999999999998,34.999698638916016,183.10335842212314
7.0679999999999996,37.999698638916016,181.2211917712329
7.0700000000000003,38.999698638916016,179.36926717151314
7.0720000000000001,37.999698638916016,177.55710247339829
7.0739999999999998,44.999698638916016,175.79387603648144
7.0759999999999996,29.999799728393555,174.08836437905305
7.0780000000000003,34.999698638916016,172.44888308088923
7.0800000000000001,41.999698638916016,170.88323133491821
7.0819999999999999,33.999698638916016,169.39864051487297
7.0839999999999996,39.999698638916016,168.00172709556563
7.0860000000000003,30.999799728393555,166.69845022902661
7.0880000000000001,36.999698638916016,165.49407424514536
7.0899999999999999,34.999698638916016,164.39313630881196
7.0919999999999996,37.999698638916016,163.3994194275279
7.0940000000000003,26.999799728393555,162.51593096446507
7.0960000000000001,32.999698638916016,161.74488677200031
7.0979999999999999,39.999698638916016,161.08770102020731
7.0999999999999996,36.999698638916016,160.54498175420392
7.1020000000000003,34.999698638916016,160.11653217342695
7.1040000000000001,31.999799728393555,159.80135758561855
7.1059999999999999,29.999799728393555,159.5976779484609
7.1079999999999997,37.999698638916016,159.50294587286237
7.1100000000000003,29.999799728393555,159.5138699243571
7.1120000000000001,39.999698638916016,159.62644302244505
7.1139999999999999,44.999698638916016,159.83597570314149
7.1159999999999997,32.999698638916016,160.13713397731752
7.1180000000000003,48.999599456787109,160.52398148646424
7.1200000000000001,32.999698638916016,160.99002562934115
7.1219999999999999,30.999799728393555,161.52826730701338
7.1239999999999997,28.999799728393555,162.13125391042601
7.1260000000000003,39.999698638916016,162.79113515460966
7.1280000000000001,43.999698638916016,163.49972134562472
7.1299999999999999,36.999698638916016,164.24854365232252
7.1319999999999997,29.999799728393555,165.02891594360685
7.1340000000000003,40.999698638916016,165.83199774342745
7.1360000000000001,30.999799728393555,166.64885785135456
7.1379999999999999,41.999698638916016,167.4705381744003
7.1399999999999997,32.999698638916016,168.28811731755135
7.1420000000000003,36.999698638916016,169.09277348516429
7.1440000000000001,46.999599456787109,169.8758462531076
7.1459999999999999,32.999698638916016,170.6288967826556
7.1479999999999997,38.999698638916016,171.34376606083407
7.1500000000000004,32.999698638916016,172.01263076865732
7.1520000000000001,35.999698638916016,172.62805639831814
7.1539999999999999,27.999799728393555,173.18304726202902
7.1559999999999997,43.999698638916016,173.67109305988436
7.1580000000000004,33.999698638916016,174.08621170049625
7.1600000000000001,31.999799728393555,174.42298809672141
7.1619999999999999,46.999599456787109,174.67660868911821
7.1639999999999997,50.999599456787109,174.84289148156412
7.1660000000000004,29.999799728393555,174.91831140682453
7.1680000000000001,37.999698638916016,174.9000208738085
7.1699999999999999,32.999698638916016,174.78586538357911
7.1719999999999997,34.999698638916016,174.57439413661982
7.1740000000000004,31.999799728393555,174.26486558994927
7.1760000000000002,29.999799728393555,173.85724795845397
7.1779999999999999,43.999698638916016,173.35221469091258
7.1799999999999997,49.999599456787109,172.75113498616065
7.1820000000000004,38.999698638916016,172.0560594497872
7.1840000000000002,33.999698638916016,171.26970102530143
7.1859999999999999,39.999698638916016,170.39541136624015
7.1879999999999997,46.999599456787109,169.43715284693829
7.1900000000000004,38.999698638916016,168.39946643899714
7.1920000000000002,41.999698638916016,167.28743570848846
7.194,39.999698638916016,166.10664721451982
7.1959999999999997,37.999698638916016,164.86314761328416
7.1980000000000004,38.999698638916016,163.56339779323275
7.2000000000000002,45.999599456787109,162.21422438571443
7.202,42.999698638916016,160.82276901156112
7.2039999999999997,41.999698638916016,159.39643563808733
7.2059999999999995,23.999799728393555,157.94283643147187
7.2080000000000002,30.999799728393555,156.46973649774364
7.21,32.999698638916016,154.98499791089213
7.2119999999999997,36.999698638916016,153.4965234289044
7.2139999999999995,37.999698638916016,152.0122002981019
7.2160000000000002,42.999698638916016,150.53984454298313
7.218,52.999599456787109,149.08714613248515
7.2199999999999998,24.999799728393555,147.66161540492149
7.2219999999999995,30.999799728393555,146.27053112251053
7.2240000000000002,31.999799728393555,144.92089051204806
7.226,28.999799728393555,143.61936163237004
7.2279999999999998,22.999799728393555,142.3722383899904
7.2299999999999995,37.999698638916016,141.1853985038091
7.2320000000000002,33.999698638916016,140.06426469681548
7.234,46.999599456787109,139.01376936791945
7.2359999999999998,26.999799728393555,138.03832297079083
7.2379999999999995,51.999599456787109,137.14178629897359
7.2400000000000002,31.999799728393555,136.32744684735903
7.242,42.999698638916016,135.59799939034875
7.2439999999999998,36.999698638916016,134.9555308859095
7.2459999999999996,29.999799728393555,134.40150978390608
7.2480000000000002,29.999799728393555,133.93677978485829
7.25,31.999799728393555,133.56155806383941
7.2519999999999998,39.999698638916016,133.2754379423391
7.2539999999999996,43.999698638916016,133.0773959596323
7.2560000000000002,32.999698638916016,132.96580326428341
7.258,33.999698638916016,132.93844121650289
7.2599999999999998,27.999799728393555,132.99252106278246
7.2619999999999996,46.999599456787109,133.1247075165725
7.2640000000000002,27.999799728393555,133.33114605193853
7.266,39.999698638916016,133.60749369242492
7.2679999999999998,28.999799728393555,133.94895305374189
7.2699999999999996,41.999698638916016,134.35030937773035
7.2720000000000002,49.999599456787109,134.80597027540904
7.274,23.999799728393555,135.31000787977263
7.2759999999999998,36.999698638916016,135.8562030937108
7.2779999999999996,31.999799728393555,136.43809160593619
7.2800000000000002,38.999698638916016,137.04901133719801
7.282,33.999698638916016,137.68215097135578
7.2839999999999998,38.999698638916016,138.33059922035054
7.2859999999999996,44.999698638916016,138.9873944693197
7.2880000000000003,32.999698638916016,139.64557444774277
7.29,34.999698638916016,140.29822557459045
7.2919999999999998,36.999698638916016,140.93853163019554
7.2939999999999996,26.999799728393555,141.55982141445119
7.2960000000000003,32.999698638916016,142.15561506061422
7.298,31.999799728393555,142.71966868542538
7.2999999999999998,30.999799728393555,143.2460170703248
7.3019999999999996,32.999698638916016,143.72901408445989
7.3040000000000003,20.999799728393555,144.16337057803929
7.306,33.999698638916016,144.54418949422657
7.3079999999999998,37.999698638916016,144.86699796941988
7.3099999999999996,31.999799728393555,145.1277762141344
7.3120000000000003,27.999799728393555,145.32298299130744
7.3140000000000001,42.999698638916016,145.44957753391921
7.3159999999999998,30.999799728393555,145.50503777000526
7.3179999999999996,42.999698638916016,145.4873747505255
7.3200000000000003,36.999698638916016,145.39514320256734
7.3220000000000001,30.999799728393555,145.2274481588808
7.3239999999999998,36.999698638916016,144.98394764245435
7.3259999999999996,37.999698638916016,144.66485141298881
7.3280000000000003,31.999799728393555,144.27091581026644
7.3300000000000001,30.999799728393555,143.80343475628243
7.3319999999999999,33.999698638916016,143.26422700538873
7.3339999999999996,34.999698638916016,142.65561975719223
7.3360000000000003,39.999698638916016,141.98042877229173
7.3380000000000001,30.999799728393555,141.24193515463517
7.3399999999999999,35.999698638916016,140.44385898679795
7.3419999999999996,39.999698638916016,139.59033002565855
7.3440000000000003,28.999799728393555,138.68585568529687
7.3460000000000001,31.999799728393555,137.73528655170946
7.3479999999999999,34.999698638916016,136.74377968986934
7.3499999999999996,33.999698638916016,135.71676001750316
7.3520000000000003,30.999799728393555,134.65988003184574
7.3540000000000001,34.999698638916016,133.57897818558408
7.3559999999999999,39.999698638916016,132.48003621563149
7.3579999999999997,35.999698638916016,131.36913573395452
7.3600000000000003,27.999799728393555,130.25241439275641
7.3620000000000001,46.999599456787109,129.13602193746109
7.3639999999999999,25.999799728393555,128.02607645952682
7.3659999999999997,27.999799728393555,126.92862115778371
7.3680000000000003,34.999698638916016,125.84958191126351
7.3700000000000001,33.999698638916016,124.79472595899398
7.3719999999999999,41.999698638916016,123.76962197207108
7.3739999999999997,36.999698638916016,122.77960179210457
7.3760000000000003,33.999698638916016,121.82972409605466
7.3780000000000001,32.999698638916016,120.92474023256898
7.3799999999999999,33.999698638916016,120.06906245760038
7.3819999999999997,26.999799728393555,119.26673477886871
7.3840000000000003,29.999799728393555,118.52140659877202
7.3860000000000001,33.999698638916016,117.83630932431831
7.3879999999999999,27.999799728393555,117.21423609055303
7.3899999999999997,22.999799728393555,116.65752472093924
7.3920000000000003,30.999799728393555,116.16804402445689
7.3940000000000001,25.999799728393555,115.74718350489142
7.3959999999999999,26.999799728393555,115.39584653306466
7.3979999999999997,33.999698638916016,115.11444700806526
7.4000000000000004,35.999698638916016,114.90290950846763
7.4020000000000001,44.999698638916016,114.76067290994689
7.4039999999999999,37.999698638916016,114.68669742126087
7.4059999999999997,45.999599456787109,114.67947496666399
7.4080000000000004,34.999698638916016,114.73704281952475
7.4100000000000001,38.999698638916016,114.85700036970231
7.4119999999999999,32.999698638916016,115.03652888559165
7.4139999999999997,37.999698638916016,115.27241411153203
7.4160000000000004,37.999698638916016,115.56107152229548
7.4180000000000001,27.999799728393555,115.89857403853522
7.4199999999999999,26.999799728393555,116.28068199114391
7.4219999999999997,28.999799728393555,116.70287510769336
7.4240000000000004,24.999799728393555,117.16038628140802
7.4260000000000002,26.999799728393555,117.64823687204013
7.4279999999999999,35.999698638916016,118.16127327876283
7.4299999999999997,25.999799728393555,118.69420451782871
7.4320000000000004,29.999799728393555,119.24164053242781
7.4340000000000002,48.999599456787109,119.79813095872402
7.4359999999999999,22.999799728393555,120.35820407059246
7.4379999999999997,24.999799728393555,120.91640562605302
7.4400000000000004,38.999698638916016,121.46733734100326
7.4420000000000002,37.999698638916016,122.00569472015306
7.444,29.999799728393555,122.52630398138767
7.4459999999999997,40.999698638916016,123.02415781786486
7.4480000000000004,36.999698638916016,123.49444975215853
7.4500000000000002,37.999698638916016,123.93260684807686
7.452,26.999799728393555,124.33432055921831
7.4539999999999997,33.999698638916016,124.69557550757743
7.4560000000000004,20.999799728393555,125.01267600186124
7.4580000000000002,45.999599456787109,125.28227012215974
7.46,30.999799728393555,125.50137121597433
7.4619999999999997,32.999698638916016,125.66737667006085
7.4639999999999995,27.999799728393555,125.77808384256642
7.4660000000000002,32.999698638916016,125.83170306081895
7.468,37.999698638916016,125.8268676114988
7.4699999999999998,32.999698638916016,125.76264067174968
7.4719999999999995,34.999698638916016,125.63851915161965
7.4740000000000002,43.999698638916016,125.45443444041585
7.476,27.999799728393555,125.2107500714492
7.4779999999999998,35.999698638916016,124.90825634134072
7.4799999999999995,34.999698638916016,124.54816194145012
7.4820000000000002,33.999698638916016,124.13208267967397
7.484,35.999698638916016,123.66202739107183
7.4859999999999998,25.999799728393555,123.14038115487641
7.4879999999999995,32.999698638916016,122.56988595392241
7.4900000000000002,33.999698638916016,121.95361892963273
7.492,44.999698638916016,121.29496840179318
7.4939999999999998,28.999799728393555,120.5976078371225
7.4959999999999996,33.999698638916016,119.8654679637567
7.4980000000000002,23.999799728393555,119.10270724105428
7.5,39.999698638916016,118.31368090393021
7.5019999999999998,35.999698638916016,117.50290881001045
7.5039999999999996,37.999698638916016,116.67504232464997
7.5060000000000002,30.999799728393555,115.83483048436497
7.508,34.999698638916016,114.98708568258876
7.5099999999999998,33.999698638916016,114.13664912369858
7.5119999999999996,33.999698638916016,113.28835629120928
7.5140000000000002,32.999698638916016,112.44700267428172
7.516,40.999698638916016,111.61730999357117
7.5179999999999998,35.999698638916016,110.80389316210542
7.5199999999999996,15.999899864196777,110.011228210266
7.5220000000000002,31.999799728393555,109.24362139583444
7.524,21.999799728393555,108.50517970995585
7.5259999999999998,38.999698638916016,107.79978297890999
7.5279999999999996,32.999698638916016,107.1310577489968
7.5300000000000002,27.999799728393555,106.50235312786486
7.532,39.999698638916016,105.91671874089107
7.5339999999999998,34.999698638916016,105.37688494509912
7.5359999999999996,35.999698638916016,104.88524542629656
7.5380000000000003,30.999799728393555,104.44384228749475
7.54,32.999698638916016,104.05435371819456
7.5419999999999998,32.999698638916016,103.71808431560478
7.5439999999999996,29.999799728393555,103.43595810934137
7.5460000000000003,27.999799728393555,103.20851432192266
7.548,29.999799728393555,103.03590587769804
7.5499999999999998,31.999799728393555,102.91790065348347
7.5519999999999996,25.999799728393555,102.85388544465935
7.5540000000000003,30.999799728393555,102.84287260154622
7.556,35.999698638916016,102.88350927233334
7.5579999999999998,38.999698638916016,102.97408917071921
7.5599999999999996,38.999698638916016,103.11256676909181
7.5620000000000003,34.999698638916016,103.29657380168376
7.5640000000000001,32.999698638916016,103.52343794637036
7.5659999999999998,39.999698638916016,103.79020353938965
7.5679999999999996,30.999799728393555,104.09365416362523
7.5700000000000003,28.999799728393555,104.43033693909028
7.5720000000000001,37.999698638916016,104.79658833303581
7.5739999999999998,30.999799728393555,105.18856129784552
7.5759999999999996,32.999698638916016,105.60225353638657
7.5780000000000003,38.999698638916016,106.03353668801716
7.5800000000000001,35.999698638916016,106.47818622322649
7.5819999999999999,27.999799728393555,106.93191183109194
7.5839999999999996,30.999799728393555,107.39038808173144
7.5860000000000003,30.999799728393555,107.84928514543105
7.5880000000000001,26.999799728393555,108.30429935094918
7.5899999999999999,33.999698638916016,108.75118336808491
7.5919999999999996,31.999799728393555,109.18577580372228
7.5940000000000003,28.999799728393555,109.60403000585292
7.5960000000000001,27.999799728393555,110.00204187713916
7.5979999999999999,28.999799728393555,110.37607650773909
7.5999999999999996,22.999799728393555,110.72259344671384
7.6020000000000003,41.999698638916016,111.03827044205269
7.6040000000000001,40.999698638916016,111.3200254913742
7.6059999999999999,30.999799728393555,111.56503705801164
7.6079999999999997,36.999698638916016,111.77076232150331
7.6100000000000003,28.999799728393555,111.93495334574354
7.6120000000000001,20.999799728393555,112.05567106392208
7.6139999999999999,32.999698638916016,112.13129699511167
7.6159999999999997,31.999799728393555,112.16054262414868
7.6180000000000003,30.999799728393555,112.14245639322726
7.6200000000000001,27.999799728393555,112.07642827098108
7.6219999999999999,34.999698638916016,111.96219188195165
7.6239999999999997,33.999698638916016,111.79982419691505
7.6260000000000003,40.999698638916016,111.58974280147301
7.6280000000000001,32.999698638916016,111.33270077764143
7.6299999999999999,35.999698638916016,111.02977924944624
7.6319999999999997,22.999799728393555,110.6823776600358
7.6340000000000003,41.999698638916016,110.29220186311029
7.6360000000000001,44.999698638916016,109.86125012667009
7.6379999999999999,29.999799728393555,109.39179716089525
7.6399999999999997,33.999698638916016,108.88637629547129
7.6420000000000003,23.999799728393555,108.34775994375924
7.6440000000000001,36.999698638916016,107.77893850258609
7.6459999999999999,32.999698638916016,107.18309784636359
7.6479999999999997,33.999698638916016,106.56359558326379
7.6500000000000004,34.999698638916016,105.9239362489095
7.6520000000000001,40.999698638916016,105.2677456192165
7.6539999999999999,32.999698638916016,104.5987443293193
7.6559999999999997,27.999799728393555,103.92072098910117
7.6580000000000004,25.999799728393555,103.23750498814259
7.6600000000000001,28.999799728393555,102.55293918409289
7.6619999999999999,32.999698638916016,101.87085266774143
7.6639999999999997,23.999799728393555,101.19503379655754
7.6660000000000004,40.999698638916016,100.52920368526938
7.6680000000000001,43.999698638916016,99.876990337603871
7.6699999999999999,32.999698638916016,99.241903597591261
7.6719999999999997,29.999799728393555,98.627311092050036
7.6740000000000004,34.999698638916016,98.036415327692438
7.6760000000000002,34.999698638916016,97.472232097014341
7.6779999999999999,40.999698638916016,96.937570337166846
7.6799999999999997,31.999799728393555,96.43501357458112
7.6820000000000004,31.999799728393555,95.966903076308256
7.6840000000000002,38.999698638916016,95.535322815979995
7.6859999999999999,42.999698638916016,95.142086349128249
7.6879999999999997,41.999698638916016,94.788725678190872
7.6900000000000004,27.999799728393555,94.47648217323723
7.6920000000000002,21.999799728393555,94.206299599461744
7.694,27.999799728393555,93.978819287181011
7.6959999999999997,25.999799728393555,93.794377464973593
7.6980000000000004,29.999799728393555,93.653004760947297
7.7000000000000002,25.999799728393555,93.554427862006889
7.702,37.999698638916016,93.498073305798968
7.7039999999999997,36.999698638916016,93.483073364946165
7.7060000000000004,28.999799728393555,93.508273968997813
7.7080000000000002,30.999799728393555,93.572244595244172
7.71,37.999698638916016,93.673290046207001
7.7119999999999997,38.999698638916016,93.809464018870415
7.7139999999999995,29.999799728393555,93.978584358577791
7.7160000000000002,35.999698638916016,94.178249879402372
7.718,40.999698638916016,94.405858622565347
7.7199999999999998,32.999698638916016,94.658627414977076
7.7219999999999995,37.999698638916016,94.933612581910324
7.7240000000000002,37.999698638916016,95.227731660380115
7.726,32.999698638916016,95.537785953967273
7.7279999999999998,24.999799728393555,95.860483764719419
7.7299999999999995,32.999698638916016,96.192464134117927
7.7320000000000002,27.999799728393555,96.530320922593276
7.734,37.999698638916016,96.870627055740968
7.7359999999999998,30.999799728393555,97.209958765346073
7.7379999999999995,33.999698638916016,97.544919654420752
7.7400000000000002,31.999799728393555,97.872164417853924
7.742,36.999698638916016,98.188422053666457
7.7439999999999998,36.999698638916016,98.49051840464027
7.7459999999999996,33.999698638916016,98.775397875777102
7.7480000000000002,22.999799728393555,99.040144179781038
7.75,37.999698638916016,99.281999970644648
7.7519999999999998,31.999799728393555,99.498385234129714
7.7539999999999996,32.999698638916016,99.686914313483641
7.7560000000000002,27.999799728393555,99.845411459159195
7.758,23.999799728393555,99.971924802501363
7.7599999999999998,36.999698638916016,100.06473866486132
7.7619999999999996,26.999799728393555,100.1223841262758
7.7640000000000002,24.999799728393555,100.14364779019925
7.766,33.999698638916016,100.127578694188
7.7679999999999998,21.999799728393555,100.07349332965408
7.7699999999999996,23.999799728393555,99.980978747453179
7.7720000000000002,37.999698638916016,99.849893739640933
7.774,33.999698638916016,99.680368101413166
7.7759999999999998,34.999698638916016,99.472799990626157
7.7779999999999996,31.999799728393555,99.227851415795399
7.7800000000000002,34.999698638916016,98.946441896168977
7.782,34.999698638916016,98.629740350320318
7.7839999999999998,32.999698638916016,98.279155281710871
7.7859999999999996,24.999799728393555,97.896323341173343
7.7880000000000003,22.999799728393555,97.483096357314324
7.79,37.999698638916016,97.041526935908848
7.7919999999999998,26.999799728393555,96.573852738937191
7.7939999999999996,40.999698638916016,96.082479562297706
7.7960000000000003,26.999799728393555,95.569963339114935
7.798,27.999799728393555,95.038991202219648
7.7999999999999998,30.999799728393555,94.492361745159172
7.8019999999999996,38.999698638916016,93.932964625773806
7.8040000000000003,35.999698638916016,93.363759660254033
7.806,35.999698638916016,92.787755558021331
7.8079999999999998,27.999799728393555,92.20798844944531
7.8099999999999996,35.999698638916016,91.627500358870563
7.8120000000000003,38.999698638916016,91.049317774849911
7.8140000000000001,31.999799728393555,90.476430467761176
7.8159999999999998,35.999698638916016,89.911770702261947
7.8179999999999996,31.999799728393555,89.358192988424804
7.8200000000000003,31.999799728393555,88.818454510527673
7.8220000000000001,29.999799728393555,88.29519636686922
7.8239999999999998,24.999799728393555,87.790925747435665
7.8259999999999996,27.999799728393555,87.307999168724166
7.8280000000000003,24.999799728393555,86.848606876947656
7.8300000000000001,34.999698638916016,86.414758521792606
7.8319999999999999,30.999799728393555,86.008270193298529
7.8339999999999996,31.999799728393555,85.630752904314875
7.8360000000000003,30.999799728393555,85.28360259023286
7.8380000000000001,47.999599456787109,84.967991686440584
7.8399999999999999,31.999799728393555,84.684862332719774
7.8419999999999996,29.999799728393555,84.434921241657364
7.8440000000000003,36.999698638916016,84.218636256557033
7.8460000000000001,31.999799728393555,84.036234612059857
7.8479999999999999,31.999799728393555,83.887702898622081
7.8499999999999996,42.999698638916016,83.772788720076761
7.8520000000000003,35.999698638916016,83.691004021684876
7.8540000000000001,34.999698638916016,83.641630054268134
7.8559999999999999,31.999799728393555,83.623723928996881
7.8579999999999997,31.999799728393555,83.636126706319459
7.8600000000000003,34.999698638916016,83.677472952135275
7.8620000000000001,33.999698638916016,83.746201684447897
7.8639999999999999,31.999799728393555,83.840568624464197
7.8659999999999997,34.999698638916016,83.958659657379897
7.8680000000000003,28.999799728393555,84.098405400347474
7.8700000000000001,22.999799728393555,84.257596767908495
7.8719999999999999,35.999698638916016,84.433901418823083
7.8739999999999997,27.999799728393555,84.624880962959679
7.8760000000000003,28.999799728393555,84.828008802102701
7.8780000000000001,24.999799728393555,85.040688475184737
7.8799999999999999,32.999698638916016,85.260272375431427
7.8819999999999997,35.999698638916016,85.484080705508774
7.8840000000000003,27.999799728393555,85.709420535587782
7.8860000000000001,31.999799728393555,85.933604829730811
7.8879999999999999,37.999698638916016,86.153971306954574
7.8899999999999997,38.999698638916016,86.367901005243567
7.8920000000000003,27.999799728393555,86.572836420093964
7.8940000000000001,34.999698638916016,86.766299092594139
7.8959999999999999,28.999799728393555,86.945906527029209
7.8979999999999997,18.999900817871094,87.109388323399628
7.9000000000000004,35.999698638916016,87.254601416466215
7.9020000000000001,30.999799728393555,87.379544320103491
7.9039999999999999,19.999799728393555,87.482370283158517
7.9059999999999997,38.999698638916016,87.561399271532181
7.9080000000000004,29.999799728393555,87.615128699866602
7.9100000000000001,34.999698638916016,87.642242845569925
7.9119999999999999,32.999698638916016,87.641620887611921
7.9139999999999997,32.999698638916016,87.61234352264043
7.9160000000000004,35.999698638916016,87.553698121137771
7.9180000000000001,31.999799728393555,87.465182397083296
7.9199999999999999,27.999799728393555,87.346506574966355
7.9219999999999997,27.999799728393555,87.197594048894871
7.9240000000000004,32.999698638916016,87.018580539020618
7.9260000000000002,37.999698638916016,86.809811761180072
7.9279999999999999,28.999799728393555,86.571839635852584
7.9299999999999997,35.999698638916016,86.305417072825776
7.9320000000000004,34.999698638916016,86.011491377529268
7.9340000000000002,32.999698638916016,85.691196334584575
7.9359999999999999,41.999698638916016,85.345843032951166
7.9379999999999997,34.999698638916016,84.976909505452412
7.9400000000000004,27.999799728393555,84.586029263464511
7.9420000000000002,25.999799728393555,84.17497881458219
7.944,31.999799728393555,83.745664257886119
7.9459999999999997,32.999698638916016,83.300107057070036
7.9480000000000004,31.999799728393555,82.840429096989084
7.9500000000000002,24.999799728393555,82.368837133422147
7.952,31.999799728393555,81.887606749431043
7.9539999999999997,40.999698638916016,81.399065934392723
7.9560000000000004,28.999799728393555,80.905578403723638
7.9580000000000002,27.999799728393555,80.409526778229704
7.96,29.999799728393555,79.913295742403307
7.9619999999999997,27.999799728393555,79.419255300173717
7.9640000000000004,27.999799728393555,78.929744245174859
7.9660000000000002,27.999799728393555,78.4470539604946
7.968,34.999698638916016,77.973412659446623
7.9699999999999998,32.999698638916016,77.510970175393439
7.9719999999999995,27.999799728393555,77.061783403882217
7.9740000000000002,31.999799728393555,76.627802495130155
7.976,31.999799728393555,76.210857888950372
7.9779999999999998,30.999799728393555,75.812648277681944
7.9799999999999995,34.999698638916016,75.434729575656206
7.9820000000000002,26.999799728393555,75.078504965938379
7.984,21.999799728393555,74.74521608727261
7.9859999999999998,31.999799728393555,74.435935415546425
7.9879999999999995,38.999698638916016,74.151559885371213
7.9900000000000002,39.999698638916016,73.892805788407628
7.992,31.999799728393555,73.66020497572795
7.9939999999999998,34.999698638916016,73.454102382268147
7.9959999999999996,33.999698638916016,73.274654881899906
7.9980000000000002,38.999698638916016,73.121831472292769
8,33.999698638916016,72.995414779410979
8.0020000000000007,33.999698638916016,72.895003862156912
8.0039999999999996,31.999799728393555,72.820018288824841
8.0060000000000002,41.999698638916016,72.769703448119941
