;RAW4.00
[RawHeader]
Date=08/17/2026
EstimatedTotalTime=-6.39226e+10
FurtherDQLReading=0
HardwareIndicator=65519
MeasuredTotalTime=-6.39226e+10
MeasurementFlag=1
NumberOfMeasuredRanges=1
NumberOfRanges=1
Time=14:59:48

[VarInfo]
Type=USER
Flags=0
Value=Lab Manager

[VarInfo]
Type=SAMPLEID
Flags=0
Value=COMMANDER Sample ID

[VarInfo]
Type=COMMENT
Flags=0
Value=

[VarInfo]
Type=UTF
Flags=0
Value=

[VarInfo]
Type=CREATOR
Flags=0
Value=BrmlToV4Converter

[VarInfo]
Type=CREATOR_VERSION
Flags=0
Value=8.6.4.0

[VarInfo]
Type=SUBSTRATE
Flags=0
Value=Si (no database)

[VarInfo]
Type=LAYER
Flags=0
Value=Si (no database)

[HardwareConfiguration]
AbsorptionFactor=9999
ActivateAbsorber=0
Alpha1=1.5406
Alpha2=1.54439
AlphaAverage=1.5418
AlphaRatio=0.5
Analyzer=0
Anode=Cu
AntiScatteringSlit=0.2
BeamOpticsFlags=0
Beta=1.39222
BetaRelativeIntensity=0
DeactivateAbsorber=0
DetectorSlit=9999
DivergenceSlit=0.2
GoniometerControl=0
GoniometerDiameter=774.843
GoniometerModel=256
GoniometerStage=4
Monochromator=0
NearSampleSlit=9999
PrimarySollerSlit=9999
SampleChanger=0
SecondSollerSlit=9999
SynchronousAxis=0
ThinFilmAttachment=9999
WaveUnit=A

[VisualEditDQL]
A=0.5431
AlignedHKL=+00/+00/+00
AlignmentIncidence=2
Alpha=90
B=0.5431
Beta=90
C=0.5431
CrystalSystem=0
Gamma=90
LatticeA=0.5431
LatticeAlpha=90
LatticeB=0.5431
LatticeBeta=90
LatticeC=0.5431
LatticeCrystalSystem=0
LatticeGamma=90
Lattice_mno=+00/+00/+01
Lattice_pqr=+01/+01/+00
MappingID1=0
MappingID2=0
MappingID3=0
MappingSet1=0
MappingSet2=0
MappingSet3=0
MappingStart1=0
MappingStart2=0
MappingStart3=0
MappingStop1=0
MappingStop2=0
MappingStop3=0
MeasurementType=5
ReciprocalSpaceUnit=0
mno=+00/+00/+01
pqr=+01/+01/+00

[DriveAlignment]
AlignFlag=2
Delta=1.5
DriveName=Theta
Offset=0
TheoreticalPosition=0

[DriveAlignment]
AlignFlag=2
Delta=1
DriveName=TwoTheta
Offset=0
TheoreticalPosition=0

[DriveAlignment]
AlignFlag=2
Delta=2
DriveName=Phi
Offset=0
TheoreticalPosition=0

[DriveAlignment]
AlignFlag=2
Delta=1
DriveName=Alpha_I
Offset=0
TheoreticalPosition=0

[DriveAlignment]
AlignFlag=2
Delta=0.75
DriveName=Chi
Offset=0
TheoreticalPosition=0

[DriveAlignment]
AlignFlag=2
Delta=1
DriveName=BeamTranslation
Offset=0
TheoreticalPosition=0

[DriveAlignment]
AlignFlag=2
Delta=10
DriveName=X
Offset=0
TheoreticalPosition=0

[DriveAlignment]
AlignFlag=2
Delta=10
DriveName=Y
Offset=0
TheoreticalPosition=0

[DriveAlignment]
AlignFlag=2
Delta=1
DriveName=Z
Offset=0
TheoreticalPosition=0

[RangeHeader]
ActuallyUsedLambda=1.5406
AdditionalDetectorMask=0
DataRecordLength=4
DelayTime=0
DisplayPlaneNumber=0
EstimatedScanTime=1380
ExtraParametersMask=0
GeneratorCurrent=40
GeneratorVoltage=40
Increment=0.002
Increment3=0
NumberOfCompletedData=4601
NumberOfCounts=1
NumberOfDetectors=1
NumberOfDrives=10
NumberOfEncoderDrives=0
NumberOfMeasuredData=4601
NumberOfVaryingParameters=0
RangeStartTime=0
RotationSpeed=0
ScanMode=1
ScanType=Unlocked Coupled
SimulatedMeasConditions=0
SlitChangerIn=0
SmootingWidth=0
Start=0.8
Steps=4601
SynchronousRotation=0
Time=0.3

[VarInfo]
Type=AXIS_OFFSET_THETA
Flags=0
Value=0

[Detector]
AmplifierGain=0
ConstantDeadTime=0
DetectorFlags=2056
DetectorName=
DetectorNumber=1
DetectorType=0
Discriminator1LowerLevel=0
Discriminator1WindowWidth=0
Discriminator2LowerLevel=0
Discriminator2WindowWidth=0
HighVoltage=0
PileUpTime=0
PulseShaping=0
TTLDetectorName=Eiger2R_500K

[Drive]
DriveFlags=1
DriveName=2Theta
DriveNumber=2
DriveOffset=0
OffsetIndex=0
OscillationAmplitude=0
OscillationSpeed=0
StartPosition=0.8

[Drive]
DriveFlags=1
DriveName=Theta
DriveNumber=1
DriveOffset=0
OffsetIndex=0
OscillationAmplitude=0
OscillationSpeed=0
StartPosition=0.4

[Drive]
DriveFlags=1
DriveName=Alpha_i
DriveNumber=14
DriveOffset=0
OffsetIndex=0
OscillationAmplitude=0
OscillationSpeed=0
StartPosition=-0

[Drive]
DriveFlags=1
DriveName=Chi
DriveNumber=4
DriveOffset=0
OffsetIndex=0
OscillationAmplitude=0
OscillationSpeed=0
StartPosition=-0

[Drive]
DriveFlags=1
DriveName=Phi
DriveNumber=3
DriveOffset=0
OffsetIndex=0
OscillationAmplitude=0
OscillationSpeed=0
StartPosition=0

[Drive]
DriveFlags=0
DriveName=BeamTranslation
DriveNumber=15
DriveOffset=0
OffsetIndex=0
OscillationAmplitude=0
OscillationSpeed=0
StartPosition=-0

[Drive]
DriveFlags=0
DriveName=TrackDistance
DriveNumber=16
DriveOffset=0
OffsetIndex=0
OscillationAmplitude=0
OscillationSpeed=0
StartPosition=300.243

[Drive]
DriveFlags=0
DriveName=X-Drive
DriveNumber=5
DriveOffset=0
OffsetIndex=0
OscillationAmplitude=0
OscillationSpeed=0
StartPosition=-0

[Drive]
DriveFlags=0
DriveName=Y-Drive
DriveNumber=6
DriveOffset=0
OffsetIndex=0
OscillationAmplitude=0
OscillationSpeed=0
StartPosition=-0

[Drive]
DriveFlags=0
DriveName=Z-Drive
DriveNumber=7
DriveOffset=0
OffsetIndex=0
OscillationAmplitude=0
OscillationSpeed=0
StartPosition=0.3405

[HRXRD]
2ThetaOffset=0
AlignmentSet=0
AnalyzerBeamPath=0
AnalyzerOptic=0
ChiMiddle=0
ChiOriginal=9999
CoupleFactor=0
DiffractionSetup=0
HRXRDScanType=1
HeidenhainPeak=9999
IncidenceFlag=2
LambdaDetermined=1.5406
LambdaTheory=1.5406
MonochromatorAnalyzerCombination=0
Omega1Original=9999
Omega2Original=9999
OmegaMiddle=0
OmegaOriginal=9999
PhiMiddle=0
PhiOriginal=9999
Psi=9999
QParallelMiddle=9999
QVerticalMiddle=9999
ReciprocalXIncrement=0
ReciprocalXStart=0
ReciprocalXStop=0
ReciprocalYIncrement=0
ReciprocalYStart=0
ReciprocalYStop=0
ReciprocalZIncrement=0
ReciprocalZStart=0
ReciprocalZStop=0
ScanRelativeStart=0.8
ScanRelativeStop=10
SimFF=9999
SubstrateRelated=0
TauBragg=0
TauMismatch=0
ThetaBragg=0
ThetaMiddle=0
TwoThetaMiddle=0
XMiddle=0
XOriginal=9999
YMiddle=0
YOriginal=9999
ZMiddle=0
hkl=+00/+00/+00

[Data]
     Angle,Det1Digita,
       0.8,3.03668e+07,
     0.802,3.02729e+07,
     0.804,3.01716e+07,
     0.806,3.01297e+07,
     0.808,3.00031e+07,
      0.81, 2.995e+07,
     0.812,2.98617e+07,
     0.814,2.97326e+07,
     0.816,2.96516e+07,
     0.818,2.9573e+07,
      0.82,2.94404e+07,
     0.822,2.93671e+07,
     0.824,2.9279e+07,
     0.826,2.91632e+07,
     0.828,2.90693e+07,
      0.83,2.89783e+07,
     0.832,2.88165e+07,
     0.834,2.87468e+07,
     0.836,2.8641e+07,
     0.838,2.85122e+07,
      0.84,2.8412e+07,
     0.842,2.82963e+07,
     0.844,2.81608e+07,
     0.846,2.80627e+07,
     0.848,2.79405e+07,
      0.85,2.78236e+07,
     0.852,2.76951e+07,
     0.854,2.75513e+07,
     0.856,2.74071e+07,
     0.858,2.73321e+07,
      0.86,2.71713e+07,
     0.862,2.70369e+07,
     0.864,2.69273e+07,
     0.866,2.67641e+07,
     0.868,2.66345e+07,
      0.87,2.65343e+07,
     0.872,2.63357e+07,
     0.874,2.61979e+07,
     0.876,2.60992e+07,
     0.878,2.59224e+07,
      0.88,2.58212e+07,
     0.882,2.56634e+07,
     0.884,2.5506e+07,
     0.886,2.53751e+07,
     0.888,2.52603e+07,
      0.89,2.51034e+07,
     0.892,2.49692e+07,
     0.894,2.48008e+07,
     0.896,2.46477e+07,
     0.898,2.45231e+07,
       0.9,2.4395e+07,
     0.902,2.4225e+07,
     0.904,2.41015e+07,
     0.906,2.39589e+07,
     0.908,2.38038e+07,
      0.91,2.36734e+07,
     0.912,2.35033e+07,
     0.914,2.33344e+07,
     0.916,2.32212e+07,
     0.918,2.3065e+07,
      0.92,2.29086e+07,
     0.922,2.27612e+07,
     0.924,2.25998e+07,
     0.926,2.24534e+07,
     0.928,2.23195e+07,
      0.93,2.21336e+07,
     0.932,2.19654e+07,
     0.934,2.18158e+07,
     0.936,2.16472e+07,
     0.938,2.15063e+07,
      0.94,2.13409e+07,
     0.942,2.11405e+07,
     0.944, 2.099e+07,
     0.946,2.08022e+07,
     0.948,2.06287e+07,
      0.95,2.04651e+07,
     0.952,2.02664e+07,
     0.954,2.00797e+07,
     0.956,1.99117e+07,
     0.958,1.97531e+07,
      0.96,1.95564e+07,
     0.962,1.93707e+07,
     0.964,1.9187e+07,
     0.966,1.90036e+07,
     0.968,1.88444e+07,
      0.97,1.86491e+07,
     0.972,1.84536e+07,
     0.974,1.82944e+07,
     0.976,1.81005e+07,
     0.978,1.79496e+07,
      0.98,1.77764e+07,
     0.982, 1.759e+07,
     0.984,1.7425e+07,
     0.986,1.72693e+07,
     0.988,  1.71e+07,
      0.99,1.69563e+07,
     0.992,1.67825e+07,
     0.994,1.65944e+07,
     0.996,1.64604e+07,
     0.998,1.63182e+07,
         1,1.61693e+07,
     1.002,1.6016e+07,
     1.004,1.58613e+07,
     1.006,1.56992e+07,
     1.008,1.55803e+07,
      1.01,1.54201e+07,
     1.012,1.52588e+07,
     1.014,1.51226e+07,
     1.016,1.49738e+07,
     1.018,1.48295e+07,
      1.02,1.46983e+07,
     1.022,1.4529e+07,
     1.024,1.4378e+07,
     1.026,1.4235e+07,
     1.028,1.40811e+07,
      1.03,1.39345e+07,
     1.032,1.3771e+07,
     1.034,1.36047e+07,
     1.036,1.34536e+07,
     1.038,1.33053e+07,
      1.04,1.31308e+07,
     1.042,1.29635e+07,
     1.044,1.28026e+07,
     1.046,1.26168e+07,
     1.048,1.2475e+07,
      1.05,1.23031e+07,
     1.052,1.21149e+07,
     1.054,1.1955e+07,
     1.056,1.1783e+07,
     1.058,1.16039e+07,
      1.06,1.14523e+07,
     1.062,1.1266e+07,
     1.064,1.1091e+07,
     1.066,1.09367e+07,
     1.068,1.07781e+07,
      1.07,1.06057e+07,
     1.072,1.04441e+07,
     1.074,1.02677e+07,
     1.076,1.01022e+07,
     1.078,9.97748e+06,
      1.08,9.81898e+06,
     1.082,9.66181e+06,
     1.084,9.52475e+06,
     1.086, 9.383e+06,
     1.088,9.24685e+06,
      1.09,9.12565e+06,
     1.092,8.9674e+06,
     1.094,8.85076e+06,
     1.096,8.72715e+06,
     1.098,8.61125e+06,
       1.1,8.50022e+06,
     1.102,8.37624e+06,
     1.104,8.25425e+06,
     1.106,8.15924e+06,
     1.108,8.05556e+06,
      1.11,7.9526e+06,
     1.112,7.85517e+06,
     1.114,7.74952e+06,
     1.116,7.65601e+06,
     1.118,7.57265e+06,
      1.12,7.47279e+06,
     1.122,7.36959e+06,
     1.124,7.27494e+06,
     1.126,7.18844e+06,
     1.128,7.10191e+06,
      1.13,7.01306e+06,
     1.132,6.90523e+06,
     1.134,6.80839e+06,
     1.136,6.71623e+06,
     1.138,6.62162e+06,
      1.14,6.52407e+06,
     1.142,6.42843e+06,
     1.144,6.32261e+06,
     1.146,6.23118e+06,
     1.148,6.13487e+06,
      1.15,6.0281e+06,
     1.152,5.91689e+06,
     1.154,5.81378e+06,
     1.156,5.70134e+06,
     1.158,5.6011e+06,
      1.16,5.4967e+06,
     1.162,5.38423e+06,
     1.164,5.27541e+06,
     1.166,5.16358e+06,
     1.168,5.0553e+06,
      1.17,4.96099e+06,
     1.172,4.84071e+06,
     1.174,4.73251e+06,
     1.176,4.63525e+06,
     1.178,4.53466e+06,
      1.18,4.43338e+06,
     1.182,4.3274e+06,
     1.184,4.22703e+06,
     1.186,4.13174e+06,
     1.188,4.04867e+06,
      1.19,3.95983e+06,
     1.192,3.86952e+06,
     1.194,3.78731e+06,
     1.196,3.70386e+06,
     1.198,3.62876e+06,
       1.2,3.55538e+06,
     1.202,3.47725e+06,
     1.204,3.41135e+06,
     1.206,3.34814e+06,
     1.208,3.28306e+06,
      1.21,3.22726e+06,
     1.212,3.16516e+06,
     1.214,3.11159e+06,
     1.216,3.06286e+06,
     1.218,3.01343e+06,
      1.22,2.97467e+06,
     1.222,2.92658e+06,
     1.224,2.88473e+06,
     1.226,2.84397e+06,
     1.228,2.81091e+06,
      1.23,2.77519e+06,
     1.232,2.73235e+06,
     1.234,2.69571e+06,
     1.236,2.66457e+06,
     1.238,2.63256e+06,
      1.24,2.6026e+06,
     1.242,2.56172e+06,
     1.244,2.53034e+06,
     1.246,2.49821e+06,
     1.248,2.46066e+06,
      1.25,2.42349e+06,
     1.252,2.38678e+06,
     1.254,2.34741e+06,
     1.256,2.31296e+06,
     1.258,2.28246e+06,
      1.26,2.23802e+06,
     1.262,2.20065e+06,
     1.264,2.15178e+06,
     1.266,2.11267e+06,
     1.268,2.07408e+06,
      1.27,2.03024e+06,
     1.272,1.98145e+06,
     1.274,1.93735e+06,
     1.276,1.89209e+06,
     1.278,1.84721e+06,
      1.28,1.80045e+06,
     1.282,1.75246e+06,
     1.284,1.70717e+06,
     1.286,1.66336e+06,
     1.288,1.6158e+06,
      1.29,1.5743e+06,
     1.292,1.52723e+06,
     1.294,1.48178e+06,
     1.296,1.44101e+06,
     1.298,1.40208e+06,
       1.3,1.36151e+06,
     1.302,1.32139e+06,
     1.304,1.28493e+06,
     1.306,1.24721e+06,
     1.308,1.21851e+06,
      1.31,1.18492e+06,
     1.312,1.15104e+06,
     1.314,1.12322e+06,
     1.316,1.09629e+06,
     1.318,1.07444e+06,
      1.32,1.05181e+06,
     1.322,1.02863e+06,
     1.324,1.01212e+06,
     1.326,    996297,
     1.328,    977418,
      1.33,    968577,
     1.332,    953010,
     1.334,    942508,
     1.336,    933492,
     1.338,    928431,
      1.34,    920559,
     1.342,    915756,
     1.344,    911163,
     1.346,    905195,
     1.348,    901741,
      1.35,    900887,
     1.352,    895919,
     1.354,    893307,
     1.356,    891483,
     1.358,    888904,
      1.36,    885870,
     1.362,    882667,
     1.364,    877847,
     1.366,    874050,
     1.368,    869629,
      1.37,    864251,
     1.372,    857437,
     1.374,    850395,
     1.376,    841527,
     1.378,    834568,
      1.38,    825621,
     1.382,    813143,
     1.384,    802667,
     1.386,    790954,
     1.388,    779628,
      1.39,    766893,
     1.392,    751263,
     1.394,    737529,
     1.396,    723126,
     1.398,    707959,
       1.4,    692521,
     1.402,    676635,
     1.404,    662691,
     1.406,    646333,
     1.408,    631708,
      1.41,    614602,
     1.412,    600182,
     1.414,    586689,
     1.416,    570934,
     1.418,    559944,
      1.42,    547692,
     1.422,    534953,
     1.424,    523426,
     1.426,    514782,
     1.428,    505950,
      1.43,    499177,
     1.432,    491247,
     1.434,    484319,
     1.436,    481595,
     1.438,    479238,
      1.44,    478068,
     1.442,    475591,
     1.444,    473863,
     1.446,    475048,
     1.448,    479676,
      1.45,    481803,
     1.452,    485485,
     1.454,    488563,
     1.456,    493907,
     1.458,    502202,
      1.46,    509194,
     1.462,    514490,
     1.464,    523935,
     1.466,    530578,
     1.468,    538931,
      1.47,    546924,
     1.472,    553689,
     1.474,    559457,
     1.476,    569627,
     1.478,    577243,
      1.48,    585186,
     1.482,    591516,
     1.484,    595807,
     1.486,    602148,
     1.488,    607863,
      1.49,    610225,
     1.492,    613311,
     1.494,    614935,
     1.496,    616959,
     1.498,    618672,
       1.5,    619569,
     1.502,    615998,
     1.504,    613587,
     1.506,    612697,
     1.508,    606975,
      1.51,    603224,
     1.512,    598208,
     1.514,    591648,
     1.516,    584676,
     1.518,    580696,
      1.52,    571117,
     1.522,    563871,
     1.524,    556175,
     1.526,    544046,
     1.528,    538326,
      1.53,    528832,
     1.532,    519737,
     1.534,    511494,
     1.536,    501858,
     1.538,    493152,
      1.54,    486522,
     1.542,    478951,
     1.544,    472333,
     1.546,    465592,
     1.548,    459677,
      1.55,    454335,
     1.552,    450128,
     1.554,    444635,
     1.556,    443374,
     1.558,    442318,
      1.56,    440699,
     1.562,    440578,
     1.564,    441446,
     1.566,    441174,
     1.568,    443605,
      1.57,    446119,
     1.572,    450656,
     1.574,    454595,
     1.576,    460072,
     1.578,    468197,
      1.58,    475354,
     1.582,    482366,
     1.584,    488032,
     1.586,    497968,
     1.588,    507703,
      1.59,    514709,
     1.592,    522824,
     1.594,    532463,
     1.596,    541393,
     1.598,    551615,
       1.6,    561325,
     1.602,    568370,
     1.604,    577566,
     1.606,    585795,
     1.608,    592144,
      1.61,    599899,
     1.612,    605060,
     1.614,    609022,
     1.616,    613677,
     1.618,    619380,
      1.62,    624251,
     1.622,    624804,
     1.624,    627316,
     1.626,    627660,
     1.628,    629655,
      1.63,    629001,
     1.632,    625158,
     1.634,    622381,
     1.636,    617849,
     1.638,    614508,
      1.64,    610510,
     1.642,    603864,
     1.644,    598966,
     1.646,    591734,
     1.648,    584344,
      1.65,    577023,
     1.652,    567211,
     1.654,    558257,
     1.656,    550400,
     1.658,    540819,
      1.66,    530563,
     1.662,    521503,
     1.664,    510352,
     1.666,    500387,
     1.668,    492790,
      1.67,    481711,
     1.672,    473188,
     1.674,    465355,
     1.676,    455248,
     1.678,    449086,
      1.68,    441608,
     1.682,    433029,
     1.684,    428154,
     1.686,    422586,
     1.688,    418011,
      1.69,    412909,
     1.692,    410484,
     1.694,    405747,
     1.696,    405203,
     1.698,    405282,
       1.7,    404106,
     1.702,    403699,
     1.704,    405294,
     1.706,    406287,
     1.708,    409167,
      1.71,    411028,
     1.712,    415360,
     1.714,    420198,
     1.716,    422536,
     1.718,    429556,
      1.72,    435819,
     1.722,    440297,
     1.724,    445947,
     1.726,    454046,
     1.728,    458240,
      1.73,    465437,
     1.732,    470165,
     1.734,    475277,
     1.736,    483226,
     1.738,    490252,
      1.74,    494063,
     1.742,    499365,
     1.744,    505089,
     1.746,    508255,
     1.748,    511836,
      1.75,    516079,
     1.752,    516705,
     1.754,    518242,
     1.756,    519901,
     1.758,    520791,
      1.76,    521780,
     1.762,    520782,
     1.764,    518849,
     1.766,    516499,
     1.768,    514733,
      1.77,    510271,
     1.772,    506170,
     1.774,    501039,
     1.776,    494288,
     1.778,    490490,
      1.78,    482387,
     1.782,    474011,
     1.784,    467523,
     1.786,    459943,
     1.788,    451561,
      1.79,    442295,
     1.792,    432155,
     1.794,    424524,
     1.796,    415009,
     1.798,    405185,
       1.8,    394606,
     1.802,    385701,
     1.804,    374175,
     1.806,    366163,
     1.808,    356239,
      1.81,    348145,
     1.812,    337902,
     1.814,    330178,
     1.816,    322259,
     1.818,    314014,
      1.82,    307330,
     1.822,    299812,
     1.824,    294992,
     1.826,    287219,
     1.828,    283893,
      1.83,    279143,
     1.832,    275021,
     1.834,    271242,
     1.836,    269716,
     1.838,    267257,
      1.84,    265557,
     1.842,    264780,
     1.844,    264195,
     1.846,    264214,
     1.848,    264759,
      1.85,    266179,
     1.852,    267287,
     1.854,    269454,
     1.856,    271031,
     1.858,    273885,
      1.86,    277839,
     1.862,    279849,
     1.864,    283330,
     1.866,    286476,
     1.868,    289561,
      1.87,    293326,
     1.872,    297615,
     1.874,    299041,
     1.876,    303891,
     1.878,    307760,
      1.88,    311419,
     1.882,    313209,
     1.884,    315000,
     1.886,    315616,
     1.888,    319297,
      1.89,    321313,
     1.892,    320794,
     1.894,    321209,
     1.896,    321278,
     1.898,    320869,
       1.9,    321013,
     1.902,    318186,
     1.904,    316651,
     1.906,    315034,
     1.908,    312136,
      1.91,    308838,
     1.912,    305431,
     1.914,    299983,
     1.916,    296240,
     1.918,    291828,
      1.92,    285908,
     1.922,    280496,
     1.924,    273875,
     1.926,    267049,
     1.928,    260769,
      1.93,    254742,
     1.932,    247160,
     1.934,    240479,
     1.936,    233768,
     1.938,    224560,
      1.94,    218811,
     1.942,    211156,
     1.944,    203246,
     1.946,    196431,
     1.948,    189871,
      1.95,    182861,
     1.952,    176751,
     1.954,    170708,
     1.956,    164842,
     1.958,    158796,
      1.96,    153245,
     1.962,    148420,
     1.964,    143866,
     1.966,    138477,
     1.968,    134782,
      1.97,    131741,
     1.972,    127839,
     1.974,    124670,
     1.976,    123985,
     1.978,    121708,
      1.98,    120100,
     1.982,    118969,
     1.984,    117374,
     1.986,    117769,
     1.988,    117545,
      1.99,    117756,
     1.992,    118348,
     1.994,    119342,
     1.996,    119792,
     1.998,    121333,
         2,    123278,
     2.002,    124465,
     2.004,    126387,
     2.006,    127919,
     2.008,    130592,
      2.01,    132779,
     2.012,    133762,
     2.014,    136960,
     2.016,    138067,
     2.018,    140162,
      2.02,    141490,
     2.022,    143826,
     2.024,    145185,
     2.026,    146268,
     2.028,    147259,
      2.03,    148255,
     2.032,    148014,
     2.034,    149250,
     2.036,    148677,
     2.038,    148794,
      2.04,    149678,
     2.042,    147322,
     2.044,    146868,
     2.046,    145839,
     2.048,    143745,
      2.05,    142557,
     2.052,    140648,
     2.054,    137119,
     2.056,    135484,
     2.058,    132105,
      2.06,    128453,
     2.062,    125423,
     2.064,    122568,
     2.066,    118333,
     2.068,    114803,
      2.07,    110769,
     2.072,    106732,
     2.074,    103378,
     2.076,   99083.6,
     2.078,   95036.6,
      2.08,   90616.6,
     2.082,   86536.6,
     2.084,   82714.7,
     2.086,   78484.7,
     2.088,   74621.8,
      2.09,   71126.8,
     2.092,   67555.8,
     2.094,   64026.8,
     2.096,   60953.8,
     2.098,   58112.8,
       2.1,   54961.8,
     2.102,   52665.8,
     2.104,   49880.8,
     2.106,   47556.8,
     2.108,   45595.9,
      2.11,   43932.9,
     2.112,   42620.9,
     2.114,   41149.9,
     2.116,   40296.9,
     2.118,   39576.9,
      2.12,   39131.9,
     2.122,   38785.9,
     2.124,   38661.9,
     2.126,   39023.9,
     2.128,   39005.9,
      2.13,   40034.9,
     2.132,   40289.9,
     2.134,   41073.9,
     2.136,   41756.9,
     2.138,   43560.9,
      2.14,   44828.8,
     2.142,   45532.8,
     2.144,   47061.8,
     2.146,   48766.8,
     2.148,   50209.8,
      2.15,   51589.8,
     2.152,   52654.8,
     2.154,   54096.8,
     2.156,   55648.8,
     2.158,   56958.8,
      2.16,   57488.8,
     2.162,   59231.8,
     2.164,   60399.8,
     2.166,   61514.8,
     2.168,   62151.8,
      2.17,   62342.8,
     2.172,   62901.8,
     2.174,   63464.7,
     2.176,   63438.7,
     2.178,   63363.8,
      2.18,   63901.7,
     2.182,   63063.7,
     2.184,   62598.7,
     2.186,   61247.7,
     2.188,   60614.7,
      2.19,   59857.8,
     2.192,   58662.8,
     2.194,   57871.8,
     2.196,   56716.8,
     2.198,   54931.8,
       2.2,   53485.8,
     2.202,   51543.8,
     2.204,   49568.8,
     2.206,   47692.8,
     2.208,   46110.8,
      2.21,   44039.8,
     2.212,   42170.8,
     2.214,   40270.8,
     2.216,   38601.9,
     2.218,   36337.9,
      2.22,   34273.9,
     2.222,   32455.9,
     2.224,   30637.9,
     2.226,   28822.9,
     2.228,   27292.9,
      2.23,   25652.9,
     2.232,   24212.9,
     2.234,   22895.9,
     2.236,   21497.9,
     2.238,   20674.9,
      2.24,   19738.9,
     2.242,   18778.9,
     2.244,   17926.9,
     2.246,   17502.9,
     2.248,   17243.9,
      2.25,   17235.9,
     2.252,   16995.9,
     2.254,   17170.9,
     2.256,   17418.9,
     2.258,   17905.9,
      2.26,   18400.9,
     2.262,   19056.9,
     2.264,   19842.9,
     2.266,   20718.9,
     2.268,   21422.9,
      2.27,   22992.9,
     2.272,   23716.9,
     2.274,   24961.9,
     2.276,   26428.9,
     2.278,   27550.9,
      2.28,   29546.9,
     2.282,   30901.9,
     2.284,   32001.9,
     2.286,   33173.9,
     2.288,   34842.9,
      2.29,   36081.9,
     2.292,   37709.9,
     2.294,   38527.9,
     2.296,   39603.9,
     2.298,   40848.9,
       2.3,   41539.9,
     2.302,   42731.9,
     2.304,   43257.9,
     2.306,   44389.9,
     2.308,   44855.8,
      2.31,   45076.9,
     2.312,   45531.8,
     2.314,   45991.8,
     2.316,   45699.9,
     2.318,   45936.9,
      2.32,   45852.8,
     2.322,   45616.8,
     2.324,   44954.8,
     2.326,   44310.8,
     2.328,   43732.8,
      2.33,   42649.8,
     2.332,   41897.8,
     2.334,   41194.8,
     2.336,   40131.8,
     2.338,   38885.8,
      2.34,   37922.8,
     2.342,   36199.9,
     2.344,   35514.9,
     2.346,   34207.9,
     2.348,   33036.9,
      2.35,   30929.9,
     2.352,   30034.9,
     2.354,   28782.9,
     2.356,   27317.9,
     2.358,   26081.9,
      2.36,   24842.9,
     2.362,   23504.9,
     2.364,   22518.9,
     2.366,   21675.9,
     2.368,   20869.9,
      2.37,   19876.9,
     2.372,   19020.9,
     2.374,   18521.9,
     2.376,   18024.9,
     2.378,   17572.9,
      2.38,   17311.9,
     2.382,   17559.9,
     2.384,   17213.9,
     2.386,   17365.9,
     2.388,   17569.9,
      2.39,   17752.9,
     2.392,   18286.9,
     2.394,   19056.9,
     2.396,   19540.9,
     2.398,   20375.9,
       2.4,   21370.9,
     2.402,   22372.9,
     2.404,   23670.9,
     2.406,   24542.9,
     2.408,   25739.9,
      2.41,   27495.9,
     2.412,   28364.9,
     2.414,   29867.9,
     2.416,   31014.9,
     2.418,   32957.9,
      2.42,   34311.9,
     2.422,   35930.9,
     2.424,   37342.9,
     2.426,   38498.9,
     2.428,   40266.9,
      2.43,   41157.9,
     2.432,   42558.8,
     2.434,   43506.8,
     2.436,   45256.8,
     2.438,   45829.8,
      2.44,   47275.8,
     2.442,   48099.8,
     2.444,   48633.8,
     2.446,   49474.8,
     2.448,   49953.8,
      2.45,   50191.8,
     2.452,   50730.8,
     2.454,   50342.8,
     2.456,   51138.8,
     2.458,   50931.8,
      2.46,   50564.8,
     2.462,   50395.8,
     2.464,   49652.8,
     2.466,   49739.8,
     2.468,   48671.8,
      2.47,   48130.8,
     2.472,   47448.8,
     2.474,   46564.8,
     2.476,   45869.8,
     2.478,   44437.8,
      2.48,   43390.8,
     2.482,   41502.8,
     2.484,   40955.8,
     2.486,   40025.8,
     2.488,   38447.9,
      2.49,   37212.9,
     2.492,   36059.9,
     2.494,   34208.9,
     2.496,   33300.9,
     2.498,   31652.9,
       2.5,   30561.9,
     2.502,   29330.9,
     2.504,   28149.9,
     2.506,   26936.9,
     2.508,   25712.9,
      2.51,   24931.9,
     2.512,   23963.9,
     2.514,   22936.9,
     2.516,   22908.9,
     2.518,   22386.9,
      2.52,   21487.9,
     2.522,   21388.9,
     2.524,   20879.9,
     2.526,   20480.9,
     2.528,   20940.9,
      2.53,   20754.9,
     2.532,   20785.9,
     2.534,   21226.9,
     2.536,   21491.9,
     2.538,   22010.9,
      2.54,   22674.9,
     2.542,   23260.9,
     2.544,   23730.9,
     2.546,   24813.9,
     2.548,   26043.9,
      2.55,   26746.9,
     2.552,   27741.9,
     2.554,   28713.9,
     2.556,   30251.9,
     2.558,   31537.9,
      2.56,   32703.9,
     2.562,   34315.9,
     2.564,   35509.9,
     2.566,   36485.9,
     2.568,   37579.9,
      2.57,   39043.9,
     2.572,   40009.9,
     2.574,   40796.9,
     2.576,   41994.9,
     2.578,   43377.8,
      2.58,   44331.8,
     2.582,   45390.8,
     2.584,   45670.8,
     2.586,   46746.8,
     2.588,   47475.8,
      2.59,   47643.8,
     2.592,   48163.8,
     2.594,   48862.8,
     2.596,   48601.8,
     2.598,   48940.8,
       2.6,   49199.8,
     2.602,   49078.8,
     2.604,   48938.8,
     2.606,   48313.8,
     2.608,   48073.8,
      2.61,   47949.8,
     2.612,   46827.8,
     2.614,   46722.8,
     2.616,   45497.8,
     2.618,   44665.8,
      2.62,   44101.8,
     2.622,   43009.8,
     2.624,   41819.8,
     2.626,   40748.8,
     2.628,   39651.8,
      2.63,   38320.9,
     2.632,   37375.9,
     2.634,   35935.9,
     2.636,   34613.9,
     2.638,   33505.9,
      2.64,   32267.9,
     2.642,   30734.9,
     2.644,   29308.9,
     2.646,   28304.9,
     2.648,   27486.9,
      2.65,   26144.9,
     2.652,   25345.9,
     2.654,   24041.9,
     2.656,   23102.9,
     2.658,   22040.9,
      2.66,   21458.9,
     2.662,   20565.9,
     2.664,   19724.9,
     2.666,   19032.9,
     2.668,   18568.9,
      2.67,   18233.9,
     2.672,   18018.9,
     2.674,   17605.9,
     2.676,   17562.9,
     2.678,   17467.9,
      2.68,   17571.9,
     2.682,   17377.9,
     2.684,   17765.9,
     2.686,   18161.9,
     2.688,   18250.9,
      2.69,   18824.9,
     2.692,   19016.9,
     2.694,   19619.9,
     2.696,   20410.9,
     2.698,   21124.9,
       2.7,   21760.9,
     2.702,   22504.9,
     2.704,   23205.9,
     2.706,   23961.9,
     2.708,   24766.9,
      2.71,   25664.9,
     2.712,   26502.9,
     2.714,   27126.9,
     2.716,   27973.9,
     2.718,   29472.9,
      2.72,   29623.9,
     2.722,   30547.9,
     2.724,   31142.9,
     2.726,   31810.9,
     2.728,   32751.9,
      2.73,   33290.9,
     2.732,   33765.9,
     2.734,   34032.9,
     2.736,   34417.9,
     2.738,   34859.9,
      2.74,   35452.9,
     2.742,   35076.9,
     2.744,   35764.9,
     2.746,   35725.9,
     2.748,   35389.9,
      2.75,   35282.9,
     2.752,   34731.9,
     2.754,   34553.9,
     2.756,   34438.9,
     2.758,   33803.9,
      2.76,   33554.9,
     2.762,   33215.9,
     2.764,   32302.9,
     2.766,   31666.9,
     2.768,   30540.9,
      2.77,   30102.9,
     2.772,   29505.9,
     2.774,   28682.9,
     2.776,   27359.9,
     2.778,   26750.9,
      2.78,   25871.9,
     2.782,   24951.9,
     2.784,   23772.9,
     2.786,   22651.9,
     2.788,   21885.9,
      2.79,   21008.9,
     2.792,   19828.9,
     2.794,   19149.9,
     2.796,   18227.9,
     2.798,   17171.9,
       2.8,   16205.9,
     2.802,   15432.9,
     2.804,   14701.9,
     2.806,     13990,
     2.808,     13347,
      2.81,     12671,
     2.812,     12142,
     2.814,     11427,
     2.816,     10997,
     2.818,     10344,
      2.82,     10031,
     2.822,   9909.97,
     2.824,   9692.97,
     2.826,   9516.97,
     2.828,   9362.97,
      2.83,   9214.97,
     2.832,   9482.97,
     2.834,   9485.97,
     2.836,   9552.97,
     2.838,   9621.97,
      2.84,   9890.96,
     2.842,     10171,
     2.844,     10429,
     2.846,     10863,
     2.848,     11269,
      2.85,     11527,
     2.852,   12136.9,
     2.854,   12466.9,
     2.856,   12930.9,
     2.858,   13499.9,
      2.86,   14003.9,
     2.862,   14529.9,
     2.864,   14725.9,
     2.866,   15472.9,
     2.868,   15865.9,
      2.87,   16195.9,
     2.872,   16392.9,
     2.874,   16974.9,
     2.876,   17472.9,
     2.878,   17792.9,
      2.88,   18030.9,
     2.882,   18288.9,
     2.884,   18336.9,
     2.886,   18907.9,
     2.888,   18654.9,
      2.89,   19072.9,
     2.892,   18981.9,
     2.894,   19238.9,
     2.896,   18961.9,
     2.898,   19206.9,
       2.9,   18935.9,
     2.902,   18775.9,
     2.904,   18447.9,
     2.906,   18031.9,
     2.908,   18030.9,
      2.91,   17575.9,
     2.912,   16856.9,
     2.914,   16711.9,
     2.916,   16221.9,
     2.918,   15835.9,
      2.92,   15251.9,
     2.922,   14981.9,
     2.924,   14172.9,
     2.926,   13829.9,
     2.928,   13241.9,
      2.93,     12688,
     2.932,     12034,
     2.934,   11367.9,
     2.936,     10655,
     2.938,     10384,
      2.94,   9614.96,
     2.942,   9202.96,
     2.944,   8406.97,
     2.946,   8133.97,
     2.948,   7461.97,
      2.95,   7054.97,
     2.952,   6717.97,
     2.954,   6095.98,
     2.956,   5707.98,
     2.958,   5160.98,
      2.96,   4961.98,
     2.962,   4572.98,
     2.964,   4263.98,
     2.966,   3981.99,
     2.968,   3695.99,
      2.97,   3725.99,
     2.972,   3358.99,
     2.974,   3396.99,
     2.976,   3404.99,
     2.978,   3227.99,
      2.98,   3211.99,
     2.982,   3230.99,
     2.984,   3295.99,
     2.986,   3315.99,
     2.988,   3414.99,
      2.99,   3521.99,
     2.992,   3687.99,
     2.994,   3872.99,
     2.996,   3978.99,
     2.998,   4276.98,
         3,   4392.98,
     3.002,   4804.98,
     3.004,   4918.98,
     3.006,   5322.98,
     3.008,   5345.98,
      3.01,   5749.97,
     3.012,   5767.97,
     3.014,   6128.97,
     3.016,   6301.97,
     3.018,   6569.97,
      3.02,   6849.97,
     3.022,   6984.97,
     3.024,   7149.97,
     3.026,   7221.97,
     3.028,   7402.97,
      3.03,   7556.97,
     3.032,   7767.97,
     3.034,   7869.97,
     3.036,   7848.97,
     3.038,   7875.97,
      3.04,   7786.97,
     3.042,   7988.97,
     3.044,   7880.97,
     3.046,   7732.97,
     3.048,   7765.97,
      3.05,   7623.97,
     3.052,   7425.97,
     3.054,   7420.97,
     3.056,   7222.97,
     3.058,   7055.97,
      3.06,   6820.97,
     3.062,   6665.97,
     3.064,   6383.98,
     3.066,   6130.98,
     3.068,   5836.98,
      3.07,   5804.98,
     3.072,   5504.98,
     3.074,   5075.98,
     3.076,   4806.98,
     3.078,   4602.98,
      3.08,   4368.98,
     3.082,   4104.98,
     3.084,   3882.98,
     3.086,   3676.99,
     3.088,   3320.99,
      3.09,   3110.99,
     3.092,   2916.99,
     3.094,   2688.99,
     3.096,   2416.99,
     3.098,   2155.99,
       3.1,   2092.99,
     3.102,   1941.99,
     3.104,   1759.99,
     3.106,   1658.99,
     3.108,   1517.99,
      3.11,   1430.99,
     3.112,      1333,
     3.114,   1243.99,
     3.116,      1220,
     3.118,      1221,
      3.12,      1137,
     3.122,      1162,
     3.124,   1281.99,
     3.126,   1299.99,
     3.128,   1281.99,
      3.13,   1295.99,
     3.132,   1366.99,
     3.134,   1530.99,
     3.136,   1616.99,
     3.138,   1714.99,
      3.14,   1808.99,
     3.142,   1931.99,
     3.144,   1975.99,
     3.146,   2200.99,
     3.148,   2271.99,
      3.15,   2302.99,
     3.152,   2627.99,
     3.154,   2635.99,
     3.156,   2738.99,
     3.158,   2821.99,
      3.16,   3000.99,
     3.162,   3085.99,
     3.164,   3165.99,
     3.166,   3174.99,
     3.168,   3383.99,
      3.17,   3380.99,
     3.172,   3346.99,
     3.174,   3436.99,
     3.176,   3528.99,
     3.178,   3622.99,
      3.18,   3560.99,
     3.182,   3587.99,
     3.184,   3490.99,
     3.186,   3531.98,
     3.188,   3554.99,
      3.19,   3483.99,
     3.192,   3389.99,
     3.194,   3236.99,
     3.196,   3215.99,
     3.198,   3071.99,
       3.2,   3079.99,
     3.202,   2965.99,
     3.204,   2844.99,
     3.206,   2789.99,
     3.208,   2607.99,
      3.21,   2476.99,
     3.212,   2296.99,
     3.214,   2183.99,
     3.216,   2027.99,
     3.218,   1925.99,
      3.22,   1915.99,
     3.222,   1681.99,
     3.224,   1600.99,
     3.226,   1469.99,
     3.228,   1361.99,
      3.23,   1326.99,
     3.232,      1181,
     3.234,   1163.99,
     3.236,      1008,
     3.238,      1064,
      3.24,   970.996,
     3.242,   949.996,
     3.244,   909.996,
     3.246,   872.997,
     3.248,   846.997,
      3.25,   914.996,
     3.252,   904.997,
     3.254,   904.997,
     3.256,   903.996,
     3.258,   979.996,
      3.26,   1081.99,
     3.262,   1167.99,
     3.264,   1170.99,
     3.266,   1278.99,
     3.268,   1418.99,
      3.27,   1386.99,
     3.272,   1545.99,
     3.274,   1693.99,
     3.276,   1848.99,
     3.278,   1841.99,
      3.28,   2047.99,
     3.282,   2194.99,
     3.284,   2307.99,
     3.286,   2370.99,
     3.288,   2455.99,
      3.29,   2601.99,
     3.292,   2713.99,
     3.294,   2860.99,
     3.296,   2978.99,
     3.298,   2988.99,
       3.3,   3220.99,
     3.302,   3186.99,
     3.304,   3241.99,
     3.306,   3364.99,
     3.308,   3379.99,
      3.31,   3364.99,
     3.312,   3502.99,
     3.314,   3471.99,
     3.316,   3471.99,
     3.318,   3443.99,
      3.32,   3479.99,
     3.322,   3421.99,
     3.324,   3385.98,
     3.326,   3258.99,
     3.328,   3249.99,
      3.33,   3215.99,
     3.332,   3095.99,
     3.334,   3107.99,
     3.336,   3063.99,
     3.338,   2936.99,
      3.34,   2923.99,
     3.342,   2627.99,
     3.344,   2618.99,
     3.346,   2446.99,
     3.348,   2349.99,
      3.35,   2223.99,
     3.352,   2186.99,
     3.354,   1991.99,
     3.356,   1907.99,
     3.358,   1711.99,
      3.36,   1594.99,
     3.362,   1583.99,
     3.364,   1447.99,
     3.366,   1309.99,
     3.368,   1252.99,
      3.37,   1176.99,
     3.372,      1075,
     3.374,      1020,
     3.376,   949.996,
     3.378,   941.996,
      3.38,   876.997,
     3.382,   848.997,
     3.384,   831.997,
     3.386,   810.997,
     3.388,   814.997,
      3.39,   822.997,
     3.392,   849.996,
     3.394,   938.996,
     3.396,   952.995,
     3.398,   1021.99,
       3.4,   1136.99,
     3.402,   1235.99,
     3.404,   1301.99,
     3.406,   1337.99,
     3.408,   1361.99,
      3.41,   1575.99,
     3.412,   1609.99,
     3.414,   1719.99,
     3.416,   1966.99,
     3.418,   1957.99,
      3.42,   2093.99,
     3.422,   2361.99,
     3.424,   2464.99,
     3.426,   2506.99,
     3.428,   2729.99,
      3.43,   2797.99,
     3.432,   3043.99,
     3.434,   2998.99,
     3.436,   3157.99,
     3.438,   3220.99,
      3.44,   3389.98,
     3.442,   3432.98,
     3.444,   3635.99,
     3.446,   3686.98,
     3.448,   3714.99,
      3.45,   3798.98,
     3.452,   3799.98,
     3.454,   3929.98,
     3.456,   3956.98,
     3.458,   3967.98,
      3.46,   4057.98,
     3.462,   3955.99,
     3.464,   3835.99,
     3.466,   3903.98,
     3.468,   3883.99,
      3.47,   3702.98,
     3.472,   3856.98,
     3.474,   3796.98,
     3.476,   3708.98,
     3.478,   3642.98,
      3.48,   3569.99,
     3.482,   3347.99,
     3.484,   3454.99,
     3.486,   3264.99,
     3.488,   3107.99,
      3.49,   2987.99,
     3.492,   2865.99,
     3.494,   2760.99,
     3.496,   2596.99,
     3.498,   2503.99,
       3.5,   2351.99,
     3.502,   2247.99,
     3.504,   2081.99,
     3.506,   2013.99,
     3.508,   1898.99,
      3.51,   1851.99,
     3.512,   1684.99,
     3.514,   1450.99,
     3.516,   1469.99,
     3.518,   1374.99,
      3.52,   1290.99,
     3.522,      1163,
     3.524,      1105,
     3.526,      1053,
     3.528,      1051,
      3.53,   983.996,
     3.532,   978.997,
     3.534,   914.996,
     3.536,   888.996,
     3.538,   925.996,
      3.54,   982.996,
     3.542,   986.996,
     3.544,      1005,
     3.546,      1023,
     3.548,   1058.99,
      3.55,   1091.99,
     3.552,   1238.99,
     3.554,   1322.99,
     3.556,   1314.99,
     3.558,   1459.99,
      3.56,   1583.99,
     3.562,   1617.99,
     3.564,   1673.99,
     3.566,   1840.99,
     3.568,   1941.99,
      3.57,   2042.99,
     3.572,   2074.99,
     3.574,   2210.99,
     3.576,   2285.99,
     3.578,   2564.99,
      3.58,   2633.99,
     3.582,   2691.99,
     3.584,   2729.99,
     3.586,   2879.99,
     3.588,   2980.99,
      3.59,   3113.99,
     3.592,   3297.99,
     3.594,   3335.99,
     3.596,   3299.99,
     3.598,   3427.98,
       3.6,   3425.99,
     3.602,   3461.99,
     3.604,   3535.99,
     3.606,   3524.99,
     3.608,   3491.99,
      3.61,   3504.99,
     3.612,   3596.99,
     3.614,   3635.99,
     3.616,   3496.99,
     3.618,   3509.99,
      3.62,   3549.99,
     3.622,   3466.99,
     3.624,   3397.99,
     3.626,   3314.99,
     3.628,   3192.99,
      3.63,   3185.99,
     3.632,   3107.99,
     3.634,   3089.99,
     3.636,   2899.99,
     3.638,   2779.99,
      3.64,   2692.99,
     3.642,   2592.99,
     3.644,   2513.99,
     3.646,   2415.99,
     3.648,   2268.99,
      3.65,   2199.99,
     3.652,   2030.99,
     3.654,   1931.99,
     3.656,   1785.99,
     3.658,   1687.99,
      3.66,   1640.99,
     3.662,   1487.99,
     3.664,   1449.99,
     3.666,   1347.99,
     3.668,   1244.99,
      3.67,   1145.99,
     3.672,      1129,
     3.674,   996.996,
     3.676,   944.996,
     3.678,   910.996,
      3.68,   825.997,
     3.682,   832.997,
     3.684,   760.997,
     3.686,   744.997,
     3.688,   777.997,
      3.69,   693.997,
     3.692,   760.997,
     3.694,   732.997,
     3.696,   773.997,
     3.698,   762.996,
       3.7,   783.997,
     3.702,   859.996,
     3.704,   893.996,
     3.706,   890.996,
     3.708,      1017,
      3.71,   946.996,
     3.712,   1075.99,
     3.714,   1167.99,
     3.716,   1206.99,
     3.718,   1307.99,
      3.72,   1334.99,
     3.722,   1425.99,
     3.724,   1523.99,
     3.726,   1530.99,
     3.728,   1682.99,
      3.73,   1754.99,
     3.732,   1803.99,
     3.734,   1968.99,
     3.736,   1989.99,
     3.738,   1963.99,
      3.74,   2076.99,
     3.742,   2129.99,
     3.744,   2190.99,
     3.746,   2276.99,
     3.748,   2246.99,
      3.75,   2297.99,
     3.752,   2324.99,
     3.754,   2385.99,
     3.756,   2349.99,
     3.758,   2454.99,
      3.76,   2400.99,
     3.762,   2431.99,
     3.764,   2480.99,
     3.766,   2435.99,
     3.768,   2414.99,
      3.77,   2393.99,
     3.772,   2377.99,
     3.774,   2292.99,
     3.776,   2272.99,
     3.778,   2265.99,
      3.78,   2274.99,
     3.782,   2171.99,
     3.784,   2071.99,
     3.786,   2043.99,
     3.788,   1996.99,
      3.79,   1821.99,
     3.792,   1939.99,
     3.794,   1763.99,
     3.796,   1700.99,
     3.798,   1565.99,
       3.8,   1580.99,
     3.802,   1471.99,
     3.804,   1399.99,
     3.806,   1308.99,
     3.808,      1255,
      3.81,      1159,
     3.812,   1089.99,
     3.814,      1097,
     3.816,      1013,
     3.818,   905.996,
      3.82,   869.996,
     3.822,   751.997,
     3.824,   737.997,
     3.826,   707.997,
     3.828,   631.997,
      3.83,   600.997,
     3.832,   568.997,
     3.834,   508.998,
     3.836,   507.998,
     3.838,   463.998,
      3.84,   430.998,
     3.842,   442.998,
     3.844,   446.998,
     3.846,   419.998,
     3.848,   406.998,
      3.85,   420.998,
     3.852,   466.998,
     3.854,   425.998,
     3.856,   429.998,
     3.858,   518.997,
      3.86,   538.997,
     3.862,   531.997,
     3.864,   608.997,
     3.866,   658.997,
     3.868,   616.997,
      3.87,   709.997,
     3.872,   781.996,
     3.874,   763.997,
     3.876,   872.996,
     3.878,   842.996,
      3.88,   875.996,
     3.882,   926.996,
     3.884,   911.996,
     3.886,      1032,
     3.888,   1068.99,
      3.89,   1068.99,
     3.892,   1172.99,
     3.894,   1158.99,
     3.896,   1181.99,
     3.898,   1220.99,
       3.9,   1198.99,
     3.902,   1288.99,
     3.904,   1306.99,
     3.906,   1290.99,
     3.908,   1271.99,
      3.91,   1309.99,
     3.912,   1371.99,
     3.914,   1303.99,
     3.916,   1306.99,
     3.918,   1304.99,
      3.92,   1344.99,
     3.922,   1279.99,
     3.924,   1337.99,
     3.926,   1241.99,
     3.928,   1247.99,
      3.93,   1221.99,
     3.932,   1206.99,
     3.934,   1167.99,
     3.936,   1193.99,
     3.938,   1105.99,
      3.94,      1068,
     3.942,      1071,
     3.944,      1009,
     3.946,   993.996,
     3.948,   959.996,
      3.95,   920.996,
     3.952,   897.997,
     3.954,   778.997,
     3.956,   792.997,
     3.958,   776.997,
      3.96,   688.997,
     3.962,   638.997,
     3.964,   636.997,
     3.966,   593.997,
     3.968,   543.998,
      3.97,   506.998,
     3.972,   482.998,
     3.974,   447.998,
     3.976,   410.998,
     3.978,   430.998,
      3.98,   397.998,
     3.982,   395.998,
     3.984,   367.998,
     3.986,   299.999,
     3.988,   304.999,
      3.99,   314.999,
     3.992,   309.999,
     3.994,   269.999,
     3.996,   290.999,
     3.998,   280.999,
         4,   243.999,
     4.002,   278.999,
     4.004,   249.999,
     4.006,   305.999,
     4.008,   308.998,
      4.01,   314.998,
     4.012,   337.998,
     4.014,   306.998,
     4.016,   321.998,
     4.018,   359.998,
      4.02,   392.998,
     4.022,   393.998,
     4.024,   437.998,
     4.026,   405.998,
     4.028,   401.998,
      4.03,   441.998,
     4.032,   466.997,
     4.034,   534.997,
     4.036,   526.997,
     4.038,   544.997,
      4.04,   580.997,
     4.042,   556.997,
     4.044,   565.997,
     4.046,   562.997,
     4.048,   610.997,
      4.05,   628.997,
     4.052,   564.997,
     4.054,   623.997,
     4.056,   637.997,
     4.058,   619.997,
      4.06,   668.997,
     4.062,   634.997,
     4.064,   617.997,
     4.066,   638.997,
     4.068,   694.997,
      4.07,   604.997,
     4.072,   635.997,
     4.074,   591.997,
     4.076,   627.997,
     4.078,   582.997,
      4.08,   607.997,
     4.082,   581.997,
     4.084,   625.997,
     4.086,   558.997,
     4.088,   539.997,
      4.09,   525.997,
     4.092,   531.997,
     4.094,   514.997,
     4.096,   487.997,
     4.098,   456.997,
       4.1,   476.998,
     4.102,   436.998,
     4.104,   434.998,
     4.106,   416.998,
     4.108,   390.998,
      4.11,   391.998,
     4.112,   348.998,
     4.114,   310.998,
     4.116,   344.998,
     4.118,   319.998,
      4.12,   347.998,
     4.122,   327.998,
     4.124,   272.999,
     4.126,   313.999,
     4.128,   299.999,
      4.13,   287.999,
     4.132,   305.998,
     4.134,   292.999,
     4.136,   289.999,
     4.138,   283.999,
      4.14,   286.999,
     4.142,   285.999,
     4.144,   283.999,
     4.146,   284.999,
     4.148,   328.998,
      4.15,   308.999,
     4.152,   292.999,
     4.154,   297.999,
     4.156,   306.998,
     4.158,   300.998,
      4.16,   298.998,
     4.162,   285.998,
     4.164,   323.998,
     4.166,   320.998,
     4.168,   344.998,
      4.17,   370.998,
     4.172,   326.998,
     4.174,   369.998,
     4.176,   376.998,
     4.178,   360.998,
      4.18,   409.998,
     4.182,   368.998,
     4.184,   368.998,
     4.186,   392.998,
     4.188,   403.998,
      4.19,   393.998,
     4.192,   380.998,
     4.194,   395.998,
     4.196,   386.998,
     4.198,   389.998,
       4.2,   390.998,
     4.202,   405.998,
     4.204,   360.998,
     4.206,   375.998,
     4.208,   408.998,
      4.21,   354.998,
     4.212,   349.998,
     4.214,   364.999,
     4.216,   382.998,
     4.218,   356.998,
      4.22,   326.998,
     4.222,   331.998,
     4.224,   338.998,
     4.226,   329.998,
     4.228,   337.998,
      4.23,   279.999,
     4.232,   319.998,
     4.234,   290.999,
     4.236,   313.998,
     4.238,   267.999,
      4.24,   270.998,
     4.242,   277.999,
     4.244,   276.999,
     4.246,   234.999,
     4.248,   226.999,
      4.25,   264.999,
     4.252,   237.999,
     4.254,   279.999,
     4.256,   222.999,
     4.258,   246.999,
      4.26,   231.999,
     4.262,   258.999,
     4.264,   246.999,
     4.266,   273.999,
     4.268,   212.999,
      4.27,   231.999,
     4.272,   232.999,
     4.274,   261.999,
     4.276,   217.999,
     4.278,   253.999,
      4.28,   252.999,
     4.282,   251.999,
     4.284,   255.999,
     4.286,   295.998,
     4.288,   275.999,
      4.29,   275.999,
     4.292,   279.999,
     4.294,   296.998,
     4.296,   308.998,
     4.298,   346.998,
       4.3,   330.998,
     4.302,   330.998,
     4.304,   373.998,
     4.306,   337.998,
     4.308,   358.998,
      4.31,   371.998,
     4.312,   419.998,
     4.314,   390.998,
     4.316,   386.998,
     4.318,   406.998,
      4.32,   413.998,
     4.322,   413.998,
     4.324,   415.998,
     4.326,   404.998,
     4.328,   396.998,
      4.33,   357.998,
     4.332,   402.998,
     4.334,   391.998,
     4.336,   384.998,
     4.338,   393.998,
      4.34,   358.998,
     4.342,   405.998,
     4.344,   403.998,
     4.346,   407.998,
     4.348,   383.998,
      4.35,   363.998,
     4.352,   387.998,
     4.354,   358.998,
     4.356,   361.998,
     4.358,   355.998,
      4.36,   308.998,
     4.362,   339.998,
     4.364,   334.998,
     4.366,   324.998,
     4.368,   274.999,
      4.37,   266.999,
     4.372,   260.999,
     4.374,   275.999,
     4.376,   256.999,
     4.378,   245.999,
      4.38,   226.999,
     4.382,   207.999,
     4.384,   213.999,
     4.386,   216.999,
     4.388,   185.999,
      4.39,   204.999,
     4.392,   230.999,
     4.394,   163.999,
     4.396,   171.999,
     4.398,   163.999,
       4.4,   186.999,
     4.402,   206.999,
     4.404,   143.999,
     4.406,   176.999,
     4.408,   181.999,
      4.41,   186.999,
     4.412,   139.999,
     4.414,   178.999,
     4.416,   169.999,
     4.418,   194.999,
      4.42,   174.999,
     4.422,   197.999,
     4.424,   195.999,
     4.426,   213.999,
     4.428,   201.999,
      4.43,   227.999,
     4.432,   268.999,
     4.434,   251.999,
     4.436,   283.999,
     4.438,   278.998,
      4.44,   297.999,
     4.442,   288.998,
     4.444,   293.998,
     4.446,   332.998,
     4.448,   316.998,
      4.45,   340.998,
     4.452,   343.998,
     4.454,   348.998,
     4.456,   363.998,
     4.458,   347.998,
      4.46,   353.998,
     4.462,   371.998,
     4.464,   393.998,
     4.466,   395.998,
     4.468,   406.998,
      4.47,   372.998,
     4.472,   396.998,
     4.474,   440.998,
     4.476,   404.998,
     4.478,   432.998,
      4.48,   410.998,
     4.482,   406.998,
     4.484,   427.998,
     4.486,   414.998,
     4.488,   400.998,
      4.49,   371.998,
     4.492,   426.998,
     4.494,   377.998,
     4.496,   385.998,
     4.498,   387.998,
       4.5,   366.998,
     4.502,   356.998,
     4.504,   348.998,
     4.506,   346.998,
     4.508,   370.998,
      4.51,   329.998,
     4.512,   300.998,
     4.514,   314.998,
     4.516,   303.998,
     4.518,   272.999,
      4.52,   263.999,
     4.522,   263.999,
     4.524,   263.999,
     4.526,   225.999,
     4.528,   248.999,
      4.53,   215.999,
     4.532,   206.999,
     4.534,   183.999,
     4.536,   201.999,
     4.538,   183.999,
      4.54,   192.999,
     4.542,   165.999,
     4.544,   138.999,
     4.546,   166.999,
     4.548,   168.999,
      4.55,   146.999,
     4.552,   137.999,
     4.554,   148.999,
     4.556,   129.999,
     4.558,   143.999,
      4.56,   137.999,
     4.562,   124.999,
     4.564,   141.999,
     4.566,   141.999,
     4.568,   144.999,
      4.57,   132.999,
     4.572,   130.999,
     4.574,   162.999,
     4.576,   174.999,
     4.578,   154.999,
      4.58,   160.999,
     4.582,   197.999,
     4.584,   163.999,
     4.586,   193.999,
     4.588,   177.999,
      4.59,   183.999,
     4.592,   230.999,
     4.594,   202.999,
     4.596,   268.998,
     4.598,   262.999,
       4.6,   257.998,
     4.602,   231.999,
     4.604,   261.998,
     4.606,   292.998,
     4.608,   304.998,
      4.61,   342.998,
     4.612,   303.998,
     4.614,   318.998,
     4.616,   344.998,
     4.618,   319.998,
      4.62,   346.998,
     4.622,   319.998,
     4.624,   327.998,
     4.626,   301.998,
     4.628,   353.998,
      4.63,   362.998,
     4.632,   334.998,
     4.634,   351.998,
     4.636,   378.998,
     4.638,   335.998,
      4.64,   327.998,
     4.642,   377.998,
     4.644,   318.998,
     4.646,   327.998,
     4.648,   324.998,
      4.65,   346.998,
     4.652,   339.998,
     4.654,   346.998,
     4.656,   308.999,
     4.658,   296.998,
      4.66,   269.998,
     4.662,   290.999,
     4.664,   294.999,
     4.666,   278.998,
     4.668,   287.999,
      4.67,   245.999,
     4.672,   227.999,
     4.674,   216.999,
     4.676,   218.999,
     4.678,   207.999,
      4.68,   194.999,
     4.682,   185.999,
     4.684,   212.999,
     4.686,   178.999,
     4.688,   186.999,
      4.69,   172.999,
     4.692,   180.999,
     4.694,   178.999,
     4.696,   148.999,
     4.698,   165.999,
       4.7,   144.999,
     4.702,   158.999,
     4.704,   129.999,
     4.706,   132.999,
     4.708,   130.999,
      4.71,   121.999,
     4.712,   124.999,
     4.714,   124.999,
     4.716,   119.999,
     4.718,   130.999,
      4.72,   119.999,
     4.722,   127.999,
     4.724,   133.999,
     4.726,   121.999,
     4.728,   127.999,
      4.73,   137.999,
     4.732,   132.999,
     4.734,   130.999,
     4.736,   151.999,
     4.738,   144.999,
      4.74,   139.999,
     4.742,   153.999,
     4.744,   169.999,
     4.746,   155.999,
     4.748,   182.999,
      4.75,   180.999,
     4.752,   169.999,
     4.754,   188.999,
     4.756,   205.999,
     4.758,   199.999,
      4.76,   194.999,
     4.762,   197.999,
     4.764,   189.999,
     4.766,   200.999,
     4.768,   239.999,
      4.77,   234.999,
     4.772,   235.999,
     4.774,   247.999,
     4.776,   237.999,
     4.778,   231.999,
      4.78,   257.999,
     4.782,   237.999,
     4.784,   250.999,
     4.786,   213.999,
     4.788,   278.998,
      4.79,   271.998,
     4.792,   240.999,
     4.794,   249.999,
     4.796,   228.999,
     4.798,   242.999,
       4.8,   228.999,
     4.802,   255.999,
     4.804,   270.998,
     4.806,   230.999,
     4.808,   244.999,
      4.81,   231.999,
     4.812,   238.999,
     4.814,   218.999,
     4.816,   229.999,
     4.818,   226.999,
      4.82,   231.999,
     4.822,   210.999,
     4.824,   198.999,
     4.826,   211.999,
     4.828,   182.999,
      4.83,   186.999,
     4.832,   172.999,
     4.834,   167.999,
     4.836,   145.999,
     4.838,   160.999,
      4.84,   164.999,
     4.842,   155.999,
     4.844,   170.999,
     4.846,   144.999,
     4.848,   139.999,
      4.85,   149.999,
     4.852,   127.999,
     4.854,   130.999,
     4.856,   122.999,
     4.858,   118.999,
      4.86,   140.999,
     4.862,   112.999,
     4.864,   117.999,
     4.866,   120.999,
     4.868,   118.999,
      4.87,   99.9992,
     4.872,   106.999,
     4.874,   96.9993,
     4.876,   90.9993,
     4.878,   93.9993,
      4.88,   103.999,
     4.882,   100.999,
     4.884,   126.999,
     4.886,   104.999,
     4.888,   128.999,
      4.89,   103.999,
     4.892,   124.999,
     4.894,   116.999,
     4.896,   111.999,
     4.898,   121.999,
       4.9,   145.999,
     4.902,   125.999,
     4.904,   137.999,
     4.906,   135.999,
     4.908,   127.999,
      4.91,   133.999,
     4.912,   137.999,
     4.914,   138.999,
     4.916,   146.999,
     4.918,   162.999,
      4.92,   147.999,
     4.922,   158.999,
     4.924,   152.999,
     4.926,   181.999,
     4.928,   161.999,
      4.93,   150.999,
     4.932,   159.999,
     4.934,   167.999,
     4.936,   176.999,
     4.938,   160.999,
      4.94,   181.999,
     4.942,   178.999,
     4.944,   160.999,
     4.946,   180.999,
     4.948,   184.999,
      4.95,   177.999,
     4.952,   172.999,
     4.954,   164.999,
     4.956,   198.999,
     4.958,   174.999,
      4.96,   165.999,
     4.962,   173.999,
     4.964,   151.999,
     4.966,   173.999,
     4.968,   150.999,
      4.97,   151.999,
     4.972,   129.999,
     4.974,   147.999,
     4.976,   150.999,
     4.978,   146.999,
      4.98,   139.999,
     4.982,   139.999,
     4.984,   125.999,
     4.986,   147.999,
     4.988,   134.999,
      4.99,   152.999,
     4.992,   128.999,
     4.994,   131.999,
     4.996,   125.999,
     4.998,   116.999,
         5,   116.999,
     5.002,   127.999,
     5.004,   110.999,
     5.006,   103.999,
     5.008,   98.9992,
      5.01,   126.999,
     5.012,   102.999,
     5.014,   96.9993,
     5.016,   108.999,
     5.018,   102.999,
      5.02,   101.999,
     5.022,   90.9993,
     5.024,   108.999,
     5.026,   104.999,
     5.028,   95.9993,
      5.03,   94.9993,
     5.032,   104.999,
     5.034,   94.9993,
     5.036,   98.9992,
     5.038,   84.9994,
      5.04,   97.9993,
     5.042,   110.999,
     5.044,   102.999,
     5.046,   81.9994,
     5.048,   107.999,
      5.05,   110.999,
     5.052,   91.9993,
     5.054,   113.999,
     5.056,   109.999,
     5.058,   95.9993,
      5.06,   99.9992,
     5.062,   120.999,
     5.064,   119.999,
     5.066,   130.999,
     5.068,   112.999,
      5.07,   111.999,
     5.072,   116.999,
     5.074,   100.999,
     5.076,   119.999,
     5.078,   125.999,
      5.08,   121.999,
     5.082,   115.999,
     5.084,   117.999,
     5.086,   108.999,
     5.088,   109.999,
      5.09,   115.999,
     5.092,   121.999,
     5.094,   128.999,
     5.096,   109.999,
     5.098,   100.999,
       5.1,   135.999,
     5.102,   113.999,
     5.104,   98.9992,
     5.106,   107.999,
     5.108,   96.9993,
      5.11,   115.999,
     5.112,   117.999,
     5.114,   98.9992,
     5.116,   114.999,
     5.118,   114.999,
      5.12,   117.999,
     5.122,   100.999,
     5.124,   108.999,
     5.126,   111.999,
     5.128,   124.999,
      5.13,   116.999,
     5.132,   111.999,
     5.134,   100.999,
     5.136,   113.999,
     5.138,   107.999,
      5.14,   107.999,
     5.142,   117.999,
     5.144,   109.999,
     5.146,   99.9992,
     5.148,   101.999,
      5.15,   95.9993,
     5.152,   104.999,
     5.154,   100.999,
     5.156,   109.999,
     5.158,   104.999,
      5.16,   116.999,
     5.162,   92.9993,
     5.164,   100.999,
     5.166,   100.999,
     5.168,   99.9992,
      5.17,   93.9993,
     5.172,   103.999,
     5.174,   99.9992,
     5.176,   108.999,
     5.178,   107.999,
      5.18,   92.9993,
     5.182,   102.999,
     5.184,   93.9993,
     5.186,   86.9993,
     5.188,   82.9994,
      5.19,   83.9994,
     5.192,   114.999,
     5.194,   91.9993,
     5.196,   92.9993,
     5.198,   102.999,
       5.2,   100.999,
     5.202,   101.999,
     5.204,   117.999,
     5.206,   116.999,
     5.208,   83.9994,
      5.21,   78.9994,
     5.212,   109.999,
     5.214,   98.9992,
     5.216,   80.9994,
     5.218,   86.9993,
      5.22,   124.999,
     5.222,   98.9992,
     5.224,   88.9993,
     5.226,   119.999,
     5.228,   87.9993,
      5.23,   103.999,
     5.232,   87.9993,
     5.234,   91.9993,
     5.236,   92.9993,
     5.238,   81.9994,
      5.24,   79.9994,
     5.242,   105.999,
     5.244,   81.9994,
     5.246,   96.9993,
     5.248,   100.999,
      5.25,   87.9993,
     5.252,   99.9992,
     5.254,   84.9994,
     5.256,   100.999,
     5.258,   80.9994,
      5.26,   76.9994,
     5.262,   85.9993,
     5.264,   81.9994,
     5.266,   87.9993,
     5.268,   86.9993,
      5.27,   82.9994,
     5.272,   78.9994,
     5.274,   98.9992,
     5.276,   77.9994,
     5.278,   96.9993,
      5.28,   70.9995,
     5.282,   89.9993,
     5.284,   64.9995,
     5.286,   82.9994,
     5.288,   79.9994,
      5.29,   92.9993,
     5.292,   84.9994,
     5.294,   84.9994,
     5.296,   84.9994,
     5.298,   92.9993,
       5.3,   87.9993,
     5.302,   89.9993,
     5.304,   96.9993,
     5.306,   68.9995,
     5.308,   100.999,
      5.31,   89.9993,
     5.312,   68.9995,
     5.314,   97.9993,
     5.316,   90.9993,
     5.318,   93.9993,
      5.32,   91.9993,
     5.322,   78.9994,
     5.324,   87.9993,
     5.326,   86.9993,
     5.328,   99.9992,
      5.33,   94.9993,
     5.332,   72.9994,
     5.334,   86.9993,
     5.336,   88.9993,
     5.338,   81.9994,
      5.34,   90.9993,
     5.342,   76.9994,
     5.344,   81.9994,
     5.346,   87.9993,
     5.348,   92.9993,
      5.35,   104.999,
     5.352,   91.9993,
     5.354,   100.999,
     5.356,   94.9993,
     5.358,   88.9993,
      5.36,   88.9993,
     5.362,   101.999,
     5.364,   85.9993,
     5.366,   112.999,
     5.368,   94.9993,
      5.37,   78.9994,
     5.372,   97.9993,
     5.374,   90.9993,
     5.376,   107.999,
     5.378,   93.9993,
      5.38,   93.9993,
     5.382,   83.9994,
     5.384,   80.9994,
     5.386,   79.9994,
     5.388,   98.9992,
      5.39,   82.9994,
     5.392,   72.9994,
     5.394,   69.9995,
     5.396,   62.9995,
     5.398,   87.9993,
       5.4,   75.9994,
     5.402,   69.9995,
     5.404,   70.9995,
     5.406,   87.9993,
     5.408,   81.9994,
      5.41,   75.9994,
     5.412,   85.9993,
     5.414,   70.9995,
     5.416,   75.9994,
     5.418,   72.9994,
      5.42,   63.9995,
     5.422,   74.9994,
     5.424,   79.9994,
     5.426,   78.9994,
     5.428,   75.9994,
      5.43,   65.9995,
     5.432,   72.9994,
     5.434,   65.9995,
     5.436,   64.9995,
     5.438,   53.9996,
      5.44,   73.9994,
     5.442,   57.9996,
     5.444,   73.9994,
     5.446,   62.9995,
     5.448,   60.9995,
      5.45,   77.9994,
     5.452,   63.9995,
     5.454,   69.9995,
     5.456,   69.9995,
     5.458,   83.9994,
      5.46,   63.9995,
     5.462,   89.9993,
     5.464,   74.9994,
     5.466,   88.9993,
     5.468,   77.9994,
      5.47,   77.9994,
     5.472,   69.9995,
     5.474,   73.9994,
     5.476,   75.9994,
     5.478,   79.9994,
      5.48,   76.9994,
     5.482,   87.9993,
     5.484,   75.9994,
     5.486,   90.9993,
     5.488,   95.9993,
      5.49,   87.9993,
     5.492,   76.9994,
     5.494,   93.9993,
     5.496,   102.999,
     5.498,   69.9995,
       5.5,   79.9994,
     5.502,   95.9993,
     5.504,   76.9994,
     5.506,   89.9993,
     5.508,   95.9993,
      5.51,   100.999,
     5.512,   93.9993,
     5.514,   79.9994,
     5.516,   79.9994,
     5.518,   88.9993,
      5.52,   73.9994,
     5.522,   75.9994,
     5.524,   90.9993,
     5.526,   86.9993,
     5.528,   83.9994,
      5.53,   78.9994,
     5.532,   76.9994,
     5.534,   71.9995,
     5.536,   82.9994,
     5.538,   89.9993,
      5.54,   57.9996,
     5.542,   78.9994,
     5.544,   73.9994,
     5.546,   78.9994,
     5.548,   66.9995,
      5.55,   65.9995,
     5.552,   64.9995,
     5.554,   87.9993,
     5.556,   83.9994,
     5.558,   83.9994,
      5.56,   69.9995,
     5.562,   63.9995,
     5.564,   69.9995,
     5.566,   69.9995,
     5.568,   78.9994,
      5.57,   64.9995,
     5.572,   54.9996,
     5.574,   62.9995,
     5.576,   73.9994,
     5.578,   68.9995,
      5.58,   64.9995,
     5.582,   62.9995,
     5.584,   57.9996,
     5.586,   60.9995,
     5.588,   70.9995,
      5.59,   54.9996,
     5.592,   61.9995,
     5.594,   48.9996,
     5.596,   52.9996,
     5.598,   64.9995,
       5.6,   74.9994,
     5.602,   66.9995,
     5.604,   67.9995,
     5.606,   63.9995,
     5.608,   46.9996,
      5.61,   60.9995,
     5.612,   59.9995,
     5.614,   70.9995,
     5.616,   57.9996,
     5.618,   67.9995,
      5.62,   60.9995,
     5.622,   73.9994,
     5.624,   69.9995,
     5.626,   55.9996,
     5.628,   60.9995,
      5.63,   53.9996,
     5.632,   71.9995,
     5.634,   60.9995,
     5.636,   78.9994,
     5.638,   68.9995,
      5.64,   90.9993,
     5.642,   77.9994,
     5.644,   89.9993,
     5.646,   78.9994,
     5.648,   65.9995,
      5.65,   65.9995,
     5.652,   78.9994,
     5.654,   76.9994,
     5.656,   66.9995,
     5.658,   71.9995,
      5.66,   78.9994,
     5.662,   78.9994,
     5.664,   66.9995,
     5.666,   74.9994,
     5.668,   65.9995,
      5.67,   74.9994,
     5.672,   73.9994,
     5.674,   73.9994,
     5.676,   84.9994,
     5.678,   67.9995,
      5.68,   75.9994,
     5.682,   86.9993,
     5.684,   74.9994,
     5.686,   65.9995,
     5.688,   76.9994,
      5.69,   68.9995,
     5.692,   74.9994,
     5.694,   65.9995,
     5.696,   72.9994,
     5.698,   66.9995,
       5.7,   58.9995,
     5.702,   55.9996,
     5.704,   52.9996,
     5.706,   52.9996,
     5.708,   72.9994,
      5.71,   62.9995,
     5.712,   61.9995,
     5.714,   70.9995,
     5.716,   72.9994,
     5.718,   63.9995,
      5.72,   48.9996,
     5.722,   58.9995,
     5.724,   59.9995,
     5.726,   57.9996,
     5.728,   62.9995,
      5.73,   60.9995,
     5.732,   57.9996,
     5.734,   62.9995,
     5.736,   67.9995,
     5.738,   49.9996,
      5.74,   51.9996,
     5.742,   57.9996,
     5.744,   54.9996,
     5.746,   68.9995,
     5.748,   55.9996,
      5.75,   59.9995,
     5.752,   61.9995,
     5.754,   63.9995,
     5.756,   51.9996,
     5.758,   55.9996,
      5.76,   53.9996,
     5.762,   54.9996,
     5.764,   71.9995,
     5.766,   59.9995,
     5.768,   56.9996,
      5.77,   52.9996,
     5.772,   52.9996,
     5.774,   42.9997,
     5.776,   60.9995,
     5.778,   68.9995,
      5.78,   62.9995,
     5.782,   67.9995,
     5.784,   66.9995,
     5.786,   72.9994,
     5.788,   70.9995,
      5.79,   56.9996,
     5.792,   60.9995,
     5.794,   74.9994,
     5.796,   60.9995,
     5.798,   48.9996,
       5.8,   63.9995,
     5.802,   51.9996,
     5.804,   57.9996,
     5.806,   66.9995,
     5.808,   48.9996,
      5.81,   55.9996,
     5.812,   70.9995,
     5.814,   71.9995,
     5.816,   82.9994,
     5.818,   57.9996,
      5.82,   51.9996,
     5.822,   54.9996,
     5.824,   52.9996,
     5.826,   47.9996,
     5.828,   80.9994,
      5.83,   57.9996,
     5.832,   56.9996,
     5.834,   72.9994,
     5.836,   68.9995,
     5.838,   53.9996,
      5.84,   65.9995,
     5.842,   66.9995,
     5.844,   64.9995,
     5.846,   42.9997,
     5.848,   64.9995,
      5.85,   65.9995,
     5.852,   56.9996,
     5.854,   58.9995,
     5.856,   55.9996,
     5.858,   78.9994,
      5.86,   79.9994,
     5.862,   58.9995,
     5.864,   63.9995,
     5.866,   41.9997,
     5.868,   61.9995,
      5.87,   66.9995,
     5.872,   55.9996,
     5.874,   54.9996,
     5.876,   60.9995,
     5.878,   53.9996,
      5.88,   46.9996,
     5.882,   60.9995,
     5.884,   58.9995,
     5.886,   70.9995,
     5.888,   38.9997,
      5.89,   51.9996,
     5.892,   61.9995,
     5.894,   46.9996,
     5.896,   49.9996,
     5.898,   52.9996,
       5.9,   47.9996,
     5.902,   58.9995,
     5.904,   54.9996,
     5.906,   59.9995,
     5.908,   49.9996,
      5.91,   51.9996,
     5.912,   58.9995,
     5.914,   44.9997,
     5.916,   49.9996,
     5.918,   60.9995,
      5.92,   60.9995,
     5.922,   65.9995,
     5.924,   52.9996,
     5.926,   35.9997,
     5.928,   54.9996,
      5.93,   67.9995,
     5.932,   51.9996,
     5.934,   57.9996,
     5.936,   52.9996,
     5.938,   47.9996,
      5.94,   62.9995,
     5.942,   58.9995,
     5.944,   50.9996,
     5.946,   41.9997,
     5.948,   52.9996,
      5.95,   65.9995,
     5.952,   48.9996,
     5.954,   43.9997,
     5.956,   47.9996,
     5.958,   62.9995,
      5.96,   60.9995,
     5.962,   50.9996,
     5.964,   66.9995,
     5.966,   51.9996,
     5.968,   50.9996,
      5.97,   44.9997,
     5.972,   62.9995,
     5.974,   63.9995,
     5.976,   51.9996,
     5.978,   57.9996,
      5.98,   51.9996,
     5.982,   64.9995,
     5.984,   48.9996,
     5.986,   49.9996,
     5.988,   56.9996,
      5.99,   63.9995,
     5.992,   46.9996,
     5.994,   47.9996,
     5.996,   59.9995,
     5.998,   52.9996,
         6,   50.9996,
     6.002,   59.9995,
     6.004,   54.9996,
     6.006,   57.9996,
     6.008,   52.9996,
      6.01,   63.9995,
     6.012,   53.9996,
     6.014,   48.9996,
     6.016,   50.9996,
     6.018,   47.9996,
      6.02,   54.9996,
     6.022,   47.9996,
     6.024,   56.9996,
     6.026,   56.9996,
     6.028,   64.9995,
      6.03,   44.9997,
     6.032,   49.9996,
     6.034,   54.9996,
     6.036,   50.9996,
     6.038,   47.9996,
      6.04,   55.9996,
     6.042,   53.9996,
     6.044,   54.9996,
     6.046,   50.9996,
     6.048,   51.9996,
      6.05,   46.9996,
     6.052,   52.9996,
     6.054,   59.9995,
     6.056,   53.9996,
     6.058,   54.9996,
      6.06,   42.9997,
     6.062,   58.9995,
     6.064,   49.9996,
     6.066,   59.9995,
     6.068,   54.9996,
      6.07,   53.9996,
     6.072,   62.9995,
     6.074,   51.9996,
     6.076,   50.9996,
     6.078,   48.9996,
      6.08,   38.9997,
     6.082,   52.9996,
     6.084,   43.9997,
     6.086,   46.9996,
     6.088,   38.9997,
      6.09,   50.9996,
     6.092,   51.9996,
     6.094,   55.9996,
     6.096,   33.9997,
     6.098,   44.9997,
       6.1,   46.9996,
     6.102,   52.9996,
     6.104,   50.9996,
     6.106,   48.9996,
     6.108,   43.9997,
      6.11,   44.9997,
     6.112,   41.9997,
     6.114,   46.9996,
     6.116,   42.9997,
     6.118,   44.9997,
      6.12,   49.9996,
     6.122,   48.9996,
     6.124,   51.9996,
     6.126,   54.9996,
     6.128,   35.9997,
      6.13,   47.9996,
     6.132,   56.9996,
     6.134,   54.9996,
     6.136,   56.9996,
     6.138,   57.9996,
      6.14,   43.9997,
     6.142,   50.9996,
     6.144,   38.9997,
     6.146,   49.9996,
     6.148,   46.9996,
      6.15,   50.9996,
     6.152,   47.9996,
     6.154,   42.9997,
     6.156,   51.9996,
     6.158,   50.9996,
      6.16,   43.9997,
     6.162,   42.9997,
     6.164,   34.9997,
     6.166,   41.9997,
     6.168,   45.9996,
      6.17,   40.9997,
     6.172,   50.9996,
     6.174,   61.9995,
     6.176,   43.9997,
     6.178,   50.9996,
      6.18,   56.9996,
     6.182,   48.9996,
     6.184,   45.9996,
     6.186,   36.9997,
     6.188,   44.9997,
      6.19,   52.9996,
     6.192,   61.9995,
     6.194,   44.9997,
     6.196,   35.9997,
     6.198,   39.9997,
       6.2,   57.9996,
     6.202,   53.9996,
     6.204,   51.9996,
     6.206,   46.9996,
     6.208,   37.9997,
      6.21,   49.9996,
     6.212,   50.9996,
     6.214,   60.9995,
     6.216,   58.9995,
     6.218,   51.9996,
      6.22,   36.9997,
     6.222,   54.9996,
     6.224,   33.9997,
     6.226,   58.9995,
     6.228,   55.9996,
      6.23,   42.9997,
     6.232,   48.9996,
     6.234,   56.9996,
     6.236,   54.9996,
     6.238,   44.9997,
      6.24,   40.9997,
     6.242,   44.9997,
     6.244,   56.9996,
     6.246,   40.9997,
     6.248,   34.9997,
      6.25,   42.9997,
     6.252,   34.9997,
     6.254,   51.9996,
     6.256,   57.9996,
     6.258,   56.9996,
      6.26,   43.9997,
     6.262,   47.9996,
     6.264,   48.9996,
     6.266,   40.9997,
     6.268,   38.9997,
      6.27,   40.9997,
     6.272,   29.9998,
     6.274,   51.9996,
     6.276,   51.9996,
     6.278,   44.9997,
      6.28,   44.9997,
     6.282,   47.9996,
     6.284,   41.9997,
     6.286,   38.9997,
     6.288,   40.9997,
      6.29,   52.9996,
     6.292,   54.9996,
     6.294,   54.9996,
     6.296,   44.9997,
     6.298,   45.9996,
       6.3,   47.9996,
     6.302,   45.9996,
     6.304,   48.9996,
     6.306,   47.9996,
     6.308,   43.9997,
      6.31,   34.9997,
     6.312,   40.9997,
     6.314,   43.9997,
     6.316,   43.9997,
     6.318,   47.9996,
      6.32,   30.9998,
     6.322,   41.9997,
     6.324,   48.9996,
     6.326,   51.9996,
     6.328,   56.9996,
      6.33,   46.9996,
     6.332,   37.9997,
     6.334,   50.9996,
     6.336,   39.9997,
     6.338,   40.9997,
      6.34,   48.9996,
     6.342,   55.9996,
     6.344,   54.9996,
     6.346,   54.9996,
     6.348,   64.9995,
      6.35,   46.9996,
     6.352,   38.9997,
     6.354,   53.9996,
     6.356,   43.9997,
     6.358,   51.9996,
      6.36,   39.9997,
     6.362,   57.9996,
     6.364,   45.9996,
     6.366,   48.9996,
     6.368,   43.9997,
      6.37,   45.9996,
     6.372,   49.9996,
     6.374,   51.9996,
     6.376,   37.9997,
     6.378,   47.9996,
      6.38,   58.9995,
     6.382,   36.9997,
     6.384,   49.9996,
     6.386,   38.9997,
     6.388,   50.9996,
      6.39,   50.9996,
     6.392,   46.9996,
     6.394,   51.9996,
     6.396,   58.9995,
     6.398,   35.9997,
       6.4,   48.9996,
     6.402,   36.9997,
     6.404,   58.9995,
     6.406,   39.9997,
     6.408,   37.9997,
      6.41,   34.9997,
     6.412,   34.9997,
     6.414,   45.9996,
     6.416,   50.9996,
     6.418,   33.9997,
      6.42,   55.9996,
     6.422,   40.9997,
     6.424,   40.9997,
     6.426,   44.9997,
     6.428,   44.9997,
      6.43,   47.9996,
     6.432,   44.9997,
     6.434,   40.9997,
     6.436,   34.9997,
     6.438,   46.9996,
      6.44,   41.9997,
     6.442,   53.9996,
     6.444,   50.9996,
     6.446,   48.9996,
     6.448,   52.9996,
      6.45,   42.9997,
     6.452,   46.9996,
     6.454,   46.9996,
     6.456,   35.9997,
     6.458,   46.9996,
      6.46,   42.9997,
     6.462,   48.9996,
     6.464,   60.9995,
     6.466,   42.9997,
     6.468,   44.9997,
      6.47,   40.9997,
     6.472,   38.9997,
     6.474,   33.9997,
     6.476,   45.9996,
     6.478,   35.9997,
      6.48,   37.9997,
     6.482,   43.9997,
     6.484,   28.9998,
     6.486,   30.9998,
     6.488,   42.9997,
      6.49,   44.9997,
     6.492,   52.9996,
     6.494,   53.9996,
     6.496,   57.9996,
     6.498,   40.9997,
       6.5,   45.9996,
     6.502,   48.9996,
     6.504,   49.9996,
     6.506,   29.9998,
     6.508,   45.9996,
      6.51,   57.9996,
     6.512,   32.9997,
     6.514,   40.9997,
     6.516,   40.9997,
     6.518,   41.9997,
      6.52,   43.9997,
     6.522,   34.9997,
     6.524,   54.9996,
     6.526,   38.9997,
     6.528,   47.9996,
      6.53,   32.9997,
     6.532,   41.9997,
     6.534,   49.9996,
     6.536,   47.9996,
     6.538,   47.9996,
      6.54,   51.9996,
     6.542,   45.9996,
     6.544,   41.9997,
     6.546,   38.9997,
     6.548,   29.9998,
      6.55,   38.9997,
     6.552,   52.9996,
     6.554,   33.9997,
     6.556,   49.9996,
     6.558,   46.9996,
      6.56,   45.9996,
     6.562,   40.9997,
     6.564,   42.9997,
     6.566,   34.9997,
     6.568,   40.9997,
      6.57,   42.9997,
     6.572,   39.9997,
     6.574,   49.9996,
     6.576,   31.9998,
     6.578,   43.9997,
      6.58,   29.9998,
     6.582,   49.9996,
     6.584,   44.9997,
     6.586,   38.9997,
     6.588,   43.9997,
      6.59,   55.9996,
     6.592,   40.9997,
     6.594,   46.9996,
     6.596,   33.9997,
     6.598,   33.9997,
       6.6,   41.9997,
     6.602,   31.9998,
     6.604,   31.9998,
     6.606,   41.9997,
     6.608,   40.9997,
      6.61,   43.9997,
     6.612,   32.9997,
     6.614,   56.9996,
     6.616,   34.9997,
     6.618,   48.9996,
      6.62,   45.9996,
     6.622,   46.9996,
     6.624,   39.9997,
     6.626,   42.9997,
     6.628,   47.9996,
      6.63,   29.9998,
     6.632,   43.9997,
     6.634,   27.9998,
     6.636,   52.9996,
     6.638,   38.9997,
      6.64,   39.9997,
     6.642,   35.9997,
     6.644,   39.9997,
     6.646,   27.9998,
     6.648,   33.9997,
      6.65,   35.9997,
     6.652,   45.9996,
     6.654,   47.9996,
     6.656,   38.9997,
     6.658,   38.9997,
      6.66,   34.9997,
     6.662,   31.9998,
     6.664,   45.9996,
     6.666,   45.9996,
     6.668,   49.9996,
      6.67,   37.9997,
     6.672,   39.9997,
     6.674,   42.9997,
     6.676,   39.9997,
     6.678,   30.9998,
      6.68,   31.9998,
     6.682,   32.9997,
     6.684,   36.9997,
     6.686,   44.9997,
     6.688,   22.9998,
      6.69,   37.9997,
     6.692,   34.9997,
     6.694,   50.9996,
     6.696,   40.9997,
     6.698,   43.9997,
       6.7,   48.9996,
     6.702,   41.9997,
     6.704,   42.9997,
     6.706,   40.9997,
     6.708,   42.9997,
      6.71,   41.9997,
     6.712,   42.9997,
     6.714,   36.9997,
     6.716,   41.9997,
     6.718,   48.9996,
      6.72,   59.9995,
     6.722,   28.9998,
     6.724,   37.9997,
     6.726,   39.9997,
     6.728,   50.9996,
      6.73,   46.9996,
     6.732,   50.9996,
     6.734,   51.9996,
     6.736,   45.9996,
     6.738,   43.9997,
      6.74,   34.9997,
     6.742,   40.9997,
     6.744,   41.9997,
     6.746,   49.9996,
     6.748,   28.9998,
      6.75,   45.9996,
     6.752,   44.9997,
     6.754,   42.9997,
     6.756,   47.9996,
     6.758,   42.9997,
      6.76,   37.9997,
     6.762,   41.9997,
     6.764,   34.9997,
     6.766,   45.9996,
     6.768,   39.9997,
      6.77,   45.9996,
     6.772,   29.9998,
     6.774,   41.9997,
     6.776,   30.9998,
     6.778,   39.9997,
      6.78,   38.9997,
     6.782,   48.9996,
     6.784,   36.9997,
     6.786,   35.9997,
     6.788,   40.9997,
      6.79,   45.9996,
     6.792,   38.9997,
     6.794,   53.9996,
     6.796,   38.9997,
     6.798,   40.9997,
       6.8,   29.9998,
     6.802,   44.9997,
     6.804,   42.9997,
     6.806,   37.9997,
     6.808,   44.9997,
      6.81,   29.9998,
     6.812,   40.9997,
     6.814,   41.9997,
     6.816,   23.9998,
     6.818,   54.9996,
      6.82,   39.9997,
     6.822,   35.9997,
     6.824,   45.9996,
     6.826,   48.9996,
     6.828,   59.9995,
      6.83,   36.9997,
     6.832,   42.9997,
     6.834,   46.9996,
     6.836,   29.9998,
     6.838,   44.9997,
      6.84,   34.9997,
     6.842,   28.9998,
     6.844,   39.9997,
     6.846,   39.9997,
     6.848,   31.9998,
      6.85,   29.9998,
     6.852,   41.9997,
     6.854,   30.9998,
     6.856,   38.9997,
     6.858,   31.9998,
      6.86,   32.9997,
     6.862,   35.9997,
     6.864,   43.9997,
     6.866,   39.9997,
     6.868,   36.9997,
      6.87,   34.9997,
     6.872,   31.9998,
     6.874,   30.9998,
     6.876,   39.9997,
     6.878,   34.9997,
      6.88,   33.9997,
     6.882,   45.9996,
     6.884,   37.9997,
     6.886,   38.9997,
     6.888,   31.9998,
      6.89,   32.9997,
     6.892,   27.9998,
     6.894,   40.9997,
     6.896,   39.9997,
     6.898,   41.9997,
       6.9,   30.9998,
     6.902,   34.9997,
     6.904,   33.9997,
     6.906,   37.9997,
     6.908,   26.9998,
      6.91,   40.9997,
     6.912,   40.9997,
     6.914,   43.9997,
     6.916,   38.9997,
     6.918,   35.9997,
      6.92,   31.9998,
     6.922,   32.9997,
     6.924,   28.9998,
     6.926,   42.9997,
     6.928,   34.9997,
      6.93,   35.9997,
     6.932,   32.9997,
     6.934,   38.9997,
     6.936,   42.9997,
     6.938,   40.9997,
      6.94,   36.9997,
     6.942,   39.9997,
     6.944,   43.9997,
     6.946,   34.9997,
     6.948,   21.9998,
      6.95,   44.9997,
     6.952,   41.9997,
     6.954,   36.9997,
     6.956,   32.9997,
     6.958,   44.9997,
      6.96,   41.9997,
     6.962,   37.9997,
     6.964,   54.9996,
     6.966,   35.9997,
     6.968,   33.9997,
      6.97,   35.9997,
     6.972,   38.9997,
     6.974,   27.9998,
     6.976,   43.9997,
     6.978,   39.9997,
      6.98,   33.9997,
     6.982,   44.9997,
     6.984,   37.9997,
     6.986,   27.9998,
     6.988,   30.9998,
      6.99,   50.9996,
     6.992,   35.9997,
     6.994,   34.9997,
     6.996,   33.9997,
     6.998,   26.9998,
         7,   29.9998,
     7.002,   32.9997,
     7.004,   33.9997,
     7.006,   35.9997,
     7.008,   46.9996,
      7.01,   29.9998,
     7.012,   35.9997,
     7.014,   36.9997,
     7.016,   38.9997,
     7.018,   33.9997,
      7.02,   40.9997,
     7.022,   37.9997,
     7.024,   33.9997,
     7.026,   36.9997,
     7.028,   38.9997,
      7.03,   34.9997,
     7.032,   38.9997,
     7.034,   34.9997,
     7.036,   34.9997,
     7.038,   29.9998,
      7.04,   34.9997,
     7.042,   38.9997,
     7.044,   35.9997,
     7.046,   36.9997,
     7.048,   29.9998,
      7.05,   30.9998,
     7.052,   42.9997,
     7.054,   31.9998,
     7.056,   35.9997,
     7.058,   33.9997,
      7.06,   37.9997,
     7.062,   31.9998,
     7.064,   40.9997,
     7.066,   34.9997,
     7.068,   37.9997,
      7.07,   38.9997,
     7.072,   37.9997,
     7.074,   44.9997,
     7.076,   29.9998,
     7.078,   34.9997,
      7.08,   41.9997,
     7.082,   33.9997,
     7.084,   39.9997,
     7.086,   30.9998,
     7.088,   36.9997,
      7.09,   34.9997,
     7.092,   37.9997,
     7.094,   26.9998,
     7.096,   32.9997,
     7.098,   39.9997,
       7.1,   36.9997,
     7.102,   34.9997,
     7.104,   31.9998,
     7.106,   29.9998,
     7.108,   37.9997,
      7.11,   29.9998,
     7.112,   39.9997,
     7.114,   44.9997,
     7.116,   32.9997,
     7.118,   48.9996,
      7.12,   32.9997,
     7.122,   30.9998,
     7.124,   28.9998,
     7.126,   39.9997,
     7.128,   43.9997,
      7.13,   36.9997,
     7.132,   29.9998,
     7.134,   40.9997,
     7.136,   30.9998,
     7.138,   41.9997,
      7.14,   32.9997,
     7.142,   36.9997,
     7.144,   46.9996,
     7.146,   32.9997,
     7.148,   38.9997,
      7.15,   32.9997,
     7.152,   35.9997,
     7.154,   27.9998,
     7.156,   43.9997,
     7.158,   33.9997,
      7.16,   31.9998,
     7.162,   46.9996,
     7.164,   50.9996,
     7.166,   29.9998,
     7.168,   37.9997,
      7.17,   32.9997,
     7.172,   34.9997,
     7.174,   31.9998,
     7.176,   29.9998,
     7.178,   43.9997,
      7.18,   49.9996,
     7.182,   38.9997,
     7.184,   33.9997,
     7.186,   39.9997,
     7.188,   46.9996,
      7.19,   38.9997,
     7.192,   41.9997,
     7.194,   39.9997,
     7.196,   37.9997,
     7.198,   38.9997,
       7.2,   45.9996,
     7.202,   42.9997,
     7.204,   41.9997,
     7.206,   23.9998,
     7.208,   30.9998,
      7.21,   32.9997,
     7.212,   36.9997,
     7.214,   37.9997,
     7.216,   42.9997,
     7.218,   52.9996,
      7.22,   24.9998,
     7.222,   30.9998,
     7.224,   31.9998,
     7.226,   28.9998,
     7.228,   22.9998,
      7.23,   37.9997,
     7.232,   33.9997,
     7.234,   46.9996,
     7.236,   26.9998,
     7.238,   51.9996,
      7.24,   31.9998,
     7.242,   42.9997,
     7.244,   36.9997,
     7.246,   29.9998,
     7.248,   29.9998,
      7.25,   31.9998,
     7.252,   39.9997,
     7.254,   43.9997,
     7.256,   32.9997,
     7.258,   33.9997,
      7.26,   27.9998,
     7.262,   46.9996,
     7.264,   27.9998,
     7.266,   39.9997,
     7.268,   28.9998,
      7.27,   41.9997,
     7.272,   49.9996,
     7.274,   23.9998,
     7.276,   36.9997,
     7.278,   31.9998,
      7.28,   38.9997,
     7.282,   33.9997,
     7.284,   38.9997,
     7.286,   44.9997,
     7.288,   32.9997,
      7.29,   34.9997,
     7.292,   36.9997,
     7.294,   26.9998,
     7.296,   32.9997,
     7.298,   31.9998,
       7.3,   30.9998,
     7.302,   32.9997,
     7.304,   20.9998,
     7.306,   33.9997,
     7.308,   37.9997,
      7.31,   31.9998,
     7.312,   27.9998,
     7.314,   42.9997,
     7.316,   30.9998,
     7.318,   42.9997,
      7.32,   36.9997,
     7.322,   30.9998,
     7.324,   36.9997,
     7.326,   37.9997,
     7.328,   31.9998,
      7.33,   30.9998,
     7.332,   33.9997,
     7.334,   34.9997,
     7.336,   39.9997,
     7.338,   30.9998,
      7.34,   35.9997,
     7.342,   39.9997,
     7.344,   28.9998,
     7.346,   31.9998,
     7.348,   34.9997,
      7.35,   33.9997,
     7.352,   30.9998,
     7.354,   34.9997,
     7.356,   39.9997,
     7.358,   35.9997,
      7.36,   27.9998,
     7.362,   46.9996,
     7.364,   25.9998,
     7.366,   27.9998,
     7.368,   34.9997,
      7.37,   33.9997,
     7.372,   41.9997,
     7.374,   36.9997,
     7.376,   33.9997,
     7.378,   32.9997,
      7.38,   33.9997,
     7.382,   26.9998,
     7.384,   29.9998,
     7.386,   33.9997,
     7.388,   27.9998,
      7.39,   22.9998,
     7.392,   30.9998,
     7.394,   25.9998,
     7.396,   26.9998,
     7.398,   33.9997,
       7.4,   35.9997,
     7.402,   44.9997,
     7.404,   37.9997,
     7.406,   45.9996,
     7.408,   34.9997,
      7.41,   38.9997,
     7.412,   32.9997,
     7.414,   37.9997,
     7.416,   37.9997,
     7.418,   27.9998,
      7.42,   26.9998,
     7.422,   28.9998,
     7.424,   24.9998,
     7.426,   26.9998,
     7.428,   35.9997,
      7.43,   25.9998,
     7.432,   29.9998,
     7.434,   48.9996,
     7.436,   22.9998,
     7.438,   24.9998,
      7.44,   38.9997,
     7.442,   37.9997,
     7.444,   29.9998,
     7.446,   40.9997,
     7.448,   36.9997,
      7.45,   37.9997,
     7.452,   26.9998,
     7.454,   33.9997,
     7.456,   20.9998,
     7.458,   45.9996,
      7.46,   30.9998,
     7.462,   32.9997,
     7.464,   27.9998,
     7.466,   32.9997,
     7.468,   37.9997,
      7.47,   32.9997,
     7.472,   34.9997,
     7.474,   43.9997,
     7.476,   27.9998,
     7.478,   35.9997,
      7.48,   34.9997,
     7.482,   33.9997,
     7.484,   35.9997,
     7.486,   25.9998,
     7.488,   32.9997,
      7.49,   33.9997,
     7.492,   44.9997,
     7.494,   28.9998,
     7.496,   33.9997,
     7.498,   23.9998,
       7.5,   39.9997,
     7.502,   35.9997,
     7.504,   37.9997,
     7.506,   30.9998,
     7.508,   34.9997,
      7.51,   33.9997,
     7.512,   33.9997,
     7.514,   32.9997,
     7.516,   40.9997,
     7.518,   35.9997,
      7.52,   15.9999,
     7.522,   31.9998,
     7.524,   21.9998,
     7.526,   38.9997,
     7.528,   32.9997,
      7.53,   27.9998,
     7.532,   39.9997,
     7.534,   34.9997,
     7.536,   35.9997,
     7.538,   30.9998,
      7.54,   32.9997,
     7.542,   32.9997,
     7.544,   29.9998,
     7.546,   27.9998,
     7.548,   29.9998,
      7.55,   31.9998,
     7.552,   25.9998,
     7.554,   30.9998,
     7.556,   35.9997,
     7.558,   38.9997,
      7.56,   38.9997,
     7.562,   34.9997,
     7.564,   32.9997,
     7.566,   39.9997,
     7.568,   30.9998,
      7.57,   28.9998,
     7.572,   37.9997,
     7.574,   30.9998,
     7.576,   32.9997,
     7.578,   38.9997,
      7.58,   35.9997,
     7.582,   27.9998,
     7.584,   30.9998,
     7.586,   30.9998,
     7.588,   26.9998,
      7.59,   33.9997,
     7.592,   31.9998,
     7.594,   28.9998,
     7.596,   27.9998,
     7.598,   28.9998,
       7.6,   22.9998,
     7.602,   41.9997,
     7.604,   40.9997,
     7.606,   30.9998,
     7.608,   36.9997,
      7.61,   28.9998,
     7.612,   20.9998,
     7.614,   32.9997,
     7.616,   31.9998,
     7.618,   30.9998,
      7.62,   27.9998,
     7.622,   34.9997,
     7.624,   33.9997,
     7.626,   40.9997,
     7.628,   32.9997,
      7.63,   35.9997,
     7.632,   22.9998,
     7.634,   41.9997,
     7.636,   44.9997,
     7.638,   29.9998,
      7.64,   33.9997,
     7.642,   23.9998,
     7.644,   36.9997,
     7.646,   32.9997,
     7.648,   33.9997,
      7.65,   34.9997,
     7.652,   40.9997,
     7.654,   32.9997,
     7.656,   27.9998,
     7.658,   25.9998,
      7.66,   28.9998,
     7.662,   32.9997,
     7.664,   23.9998,
     7.666,   40.9997,
     7.668,   43.9997,
      7.67,   32.9997,
     7.672,   29.9998,
     7.674,   34.9997,
     7.676,   34.9997,
     7.678,   40.9997,
      7.68,   31.9998,
     7.682,   31.9998,
     7.684,   38.9997,
     7.686,   42.9997,
     7.688,   41.9997,
      7.69,   27.9998,
     7.692,   21.9998,
     7.694,   27.9998,
     7.696,   25.9998,
     7.698,   29.9998,
       7.7,   25.9998,
     7.702,   37.9997,
     7.704,   36.9997,
     7.706,   28.9998,
     7.708,   30.9998,
      7.71,   37.9997,
     7.712,   38.9997,
     7.714,   29.9998,
     7.716,   35.9997,
     7.718,   40.9997,
      7.72,   32.9997,
     7.722,   37.9997,
     7.724,   37.9997,
     7.726,   32.9997,
     7.728,   24.9998,
      7.73,   32.9997,
     7.732,   27.9998,
     7.734,   37.9997,
     7.736,   30.9998,
     7.738,   33.9997,
      7.74,   31.9998,
     7.742,   36.9997,
     7.744,   36.9997,
     7.746,   33.9997,
     7.748,   22.9998,
      7.75,   37.9997,
     7.752,   31.9998,
     7.754,   32.9997,
     7.756,   27.9998,
     7.758,   23.9998,
      7.76,   36.9997,
     7.762,   26.9998,
     7.764,   24.9998,
     7.766,   33.9997,
     7.768,   21.9998,
      7.77,   23.9998,
     7.772,   37.9997,
     7.774,   33.9997,
     7.776,   34.9997,
     7.778,   31.9998,
      7.78,   34.9997,
     7.782,   34.9997,
     7.784,   32.9997,
     7.786,   24.9998,
     7.788,   22.9998,
      7.79,   37.9997,
     7.792,   26.9998,
     7.794,   40.9997,
     7.796,   26.9998,
     7.798,   27.9998,
       7.8,   30.9998,
     7.802,   38.9997,
     7.804,   35.9997,
     7.806,   35.9997,
     7.808,   27.9998,
      7.81,   35.9997,
     7.812,   38.9997,
     7.814,   31.9998,
     7.816,   35.9997,
     7.818,   31.9998,
      7.82,   31.9998,
     7.822,   29.9998,
     7.824,   24.9998,
     7.826,   27.9998,
     7.828,   24.9998,
      7.83,   34.9997,
     7.832,   30.9998,
     7.834,   31.9998,
     7.836,   30.9998,
     7.838,   47.9996,
      7.84,   31.9998,
     7.842,   29.9998,
     7.844,   36.9997,
     7.846,   31.9998,
     7.848,   31.9998,
      7.85,   42.9997,
     7.852,   35.9997,
     7.854,   34.9997,
     7.856,   31.9998,
     7.858,   31.9998,
      7.86,   34.9997,
     7.862,   33.9997,
     7.864,   31.9998,
     7.866,   34.9997,
     7.868,   28.9998,
      7.87,   22.9998,
     7.872,   35.9997,
     7.874,   27.9998,
     7.876,   28.9998,
     7.878,   24.9998,
      7.88,   32.9997,
     7.882,   35.9997,
     7.884,   27.9998,
     7.886,   31.9998,
     7.888,   37.9997,
      7.89,   38.9997,
     7.892,   27.9998,
     7.894,   34.9997,
     7.896,   28.9998,
     7.898,   18.9999,
       7.9,   35.9997,
     7.902,   30.9998,
     7.904,   19.9998,
     7.906,   38.9997,
     7.908,   29.9998,
      7.91,   34.9997,
     7.912,   32.9997,
     7.914,   32.9997,
     7.916,   35.9997,
     7.918,   31.9998,
      7.92,   27.9998,
     7.922,   27.9998,
     7.924,   32.9997,
     7.926,   37.9997,
     7.928,   28.9998,
      7.93,   35.9997,
     7.932,   34.9997,
     7.934,   32.9997,
     7.936,   41.9997,
     7.938,   34.9997,
      7.94,   27.9998,
     7.942,   25.9998,
     7.944,   31.9998,
     7.946,   32.9997,
     7.948,   31.9998,
      7.95,   24.9998,
     7.952,   31.9998,
     7.954,   40.9997,
     7.956,   28.9998,
     7.958,   27.9998,
      7.96,   29.9998,
     7.962,   27.9998,
     7.964,   27.9998,
     7.966,   27.9998,
     7.968,   34.9997,
      7.97,   32.9997,
     7.972,   27.9998,
     7.974,   31.9998,
     7.976,   31.9998,
     7.978,   30.9998,
      7.98,   34.9997,
     7.982,   26.9998,
     7.984,   21.9998,
     7.986,   31.9998,
     7.988,   38.9997,
      7.99,   39.9997,
     7.992,   31.9998,
     7.994,   34.9997,
     7.996,   33.9997,
     7.998,   38.9997,
         8,   33.9997,
     8.002,   33.9997,
     8.004,   31.9998,
     8.006,   41.9997,
     8.008,     -9999,
      8.01,     -9999,
     8.012,     -9999,
     8.014,     -9999,
     8.016,     -9999,
     8.018,     -9999,
      8.02,     -9999,
     8.022,     -9999,
     8.024,     -9999,
     8.026,     -9999,
     8.028,     -9999,
      8.03,     -9999,
     8.032,     -9999,
     8.034,     -9999,
     8.036,     -9999,
     8.038,     -9999,
      8.04,     -9999,
     8.042,     -9999,
     8.044,     -9999,
     8.046,     -9999,
     8.048,     -9999,
      8.05,     -9999,
     8.052,     -9999,
     8.054,     -9999,
     8.056,     -9999,
     8.058,     -9999,
      8.06,     -9999,
     8.062,     -9999,
     8.064,     -9999,
     8.066,     -9999,
     8.068,     -9999,
      8.07,     -9999,
     8.072,     -9999,
     8.074,     -9999,
     8.076,     -9999,
     8.078,     -9999,
      8.08,     -9999,
     8.082,     -9999,
     8.084,     -9999,
     8.086,     -9999,
     8.088,     -9999,
      8.09,     -9999,
     8.092,     -9999,
     8.094,     -9999,
     8.096,     -9999,
     8.098,     -9999,
       8.1,     -9999,
     8.102,     -9999,
     8.104,     -9999,
     8.106,     -9999,
     8.108,     -9999,
      8.11,     -9999,
     8.112,     -9999,
     8.114,     -9999,
     8.116,     -9999,
     8.118,     -9999,
      8.12,     -9999,
     8.122,     -9999,
     8.124,     -9999,
     8.126,     -9999,
     8.128,     -9999,
      8.13,     -9999,
     8.132,     -9999,
     8.134,     -9999,
     8.136,     -9999,
     8.138,     -9999,
      8.14,     -9999,
     8.142,     -9999,
     8.144,     -9999,
     8.146,     -9999,
     8.148,     -9999,
      8.15,     -9999,
     8.152,     -9999,
     8.154,     -9999,
     8.156,     -9999,
     8.158,     -9999,
      8.16,     -9999,
     8.162,     -9999,
     8.164,     -9999,
     8.166,     -9999,
     8.168,     -9999,
      8.17,     -9999,
     8.172,     -9999,
     8.174,     -9999,
     8.176,     -9999,
     8.178,     -9999,
      8.18,     -9999,
     8.182,     -9999,
     8.184,     -9999,
     8.186,     -9999,
     8.188,     -9999,
      8.19,     -9999,
     8.192,     -9999,
     8.194,     -9999,
     8.196,     -9999,
     8.198,     -9999,
       8.2,     -9999,
     8.202,     -9999,
     8.204,     -9999,
     8.206,     -9999,
     8.208,     -9999,
      8.21,     -9999,
     8.212,     -9999,
     8.214,     -9999,
     8.216,     -9999,
     8.218,     -9999,
      8.22,     -9999,
     8.222,     -9999,
     8.224,     -9999,
     8.226,     -9999,
     8.228,     -9999,
      8.23,     -9999,
     8.232,     -9999,
     8.234,     -9999,
     8.236,     -9999,
     8.238,     -9999,
      8.24,     -9999,
     8.242,     -9999,
     8.244,     -9999,
     8.246,     -9999,
     8.248,     -9999,
      8.25,     -9999,
     8.252,     -9999,
     8.254,     -9999,
     8.256,     -9999,
     8.258,     -9999,
      8.26,     -9999,
     8.262,     -9999,
     8.264,     -9999,
     8.266,     -9999,
     8.268,     -9999,
      8.27,     -9999,
     8.272,     -9999,
     8.274,     -9999,
     8.276,     -9999,
     8.278,     -9999,
      8.28,     -9999,
     8.282,     -9999,
     8.284,     -9999,
     8.286,     -9999,
     8.288,     -9999,
      8.29,     -9999,
     8.292,     -9999,
     8.294,     -9999,
     8.296,     -9999,
     8.298,     -9999,
       8.3,     -9999,
     8.302,     -9999,
     8.304,     -9999,
     8.306,     -9999,
     8.308,     -9999,
      8.31,     -9999,
     8.312,     -9999,
     8.314,     -9999,
     8.316,     -9999,
     8.318,     -9999,
      8.32,     -9999,
     8.322,     -9999,
     8.324,     -9999,
     8.326,     -9999,
     8.328,     -9999,
      8.33,     -9999,
     8.332,     -9999,
     8.334,     -9999,
     8.336,     -9999,
     8.338,     -9999,
      8.34,     -9999,
     8.342,     -9999,
     8.344,     -9999,
     8.346,     -9999,
     8.348,     -9999,
      8.35,     -9999,
     8.352,     -9999,
     8.354,     -9999,
     8.356,     -9999,
     8.358,     -9999,
      8.36,     -9999,
     8.362,     -9999,
     8.364,     -9999,
     8.366,     -9999,
     8.368,     -9999,
      8.37,     -9999,
     8.372,     -9999,
     8.374,     -9999,
     8.376,     -9999,
     8.378,     -9999,
      8.38,     -9999,
     8.382,     -9999,
     8.384,     -9999,
     8.386,     -9999,
     8.388,     -9999,
      8.39,     -9999,
     8.392,     -9999,
     8.394,     -9999,
     8.396,     -9999,
     8.398,     -9999,
       8.4,     -9999,
     8.402,     -9999,
     8.404,     -9999,
     8.406,     -9999,
     8.408,     -9999,
      8.41,     -9999,
     8.412,     -9999,
     8.414,     -9999,
     8.416,     -9999,
     8.418,     -9999,
      8.42,     -9999,
     8.422,     -9999,
     8.424,     -9999,
     8.426,     -9999,
     8.428,     -9999,
      8.43,     -9999,
     8.432,     -9999,
     8.434,     -9999,
     8.436,     -9999,
     8.438,     -9999,
      8.44,     -9999,
     8.442,     -9999,
     8.444,     -9999,
     8.446,     -9999,
     8.448,     -9999,
      8.45,     -9999,
     8.452,     -9999,
     8.454,     -9999,
     8.456,     -9999,
     8.458,     -9999,
      8.46,     -9999,
     8.462,     -9999,
     8.464,     -9999,
     8.466,     -9999,
     8.468,     -9999,
      8.47,     -9999,
     8.472,     -9999,
     8.474,     -9999,
     8.476,     -9999,
     8.478,     -9999,
      8.48,     -9999,
     8.482,     -9999,
     8.484,     -9999,
     8.486,     -9999,
     8.488,     -9999,
      8.49,     -9999,
     8.492,     -9999,
     8.494,     -9999,
     8.496,     -9999,
     8.498,     -9999,
       8.5,     -9999,
     8.502,     -9999,
     8.504,     -9999,
     8.506,     -9999,
     8.508,     -9999,
      8.51,     -9999,
     8.512,     -9999,
     8.514,     -9999,
     8.516,     -9999,
     8.518,     -9999,
      8.52,     -9999,
     8.522,     -9999,
     8.524,     -9999,
     8.526,     -9999,
     8.528,     -9999,
      8.53,     -9999,
     8.532,     -9999,
     8.534,     -9999,
     8.536,     -9999,
     8.538,     -9999,
      8.54,     -9999,
     8.542,     -9999,
     8.544,     -9999,
     8.546,     -9999,
     8.548,     -9999,
      8.55,     -9999,
     8.552,     -9999,
     8.554,     -9999,
     8.556,     -9999,
     8.558,     -9999,
      8.56,     -9999,
     8.562,     -9999,
     8.564,     -9999,
     8.566,     -9999,
     8.568,     -9999,
      8.57,     -9999,
     8.572,     -9999,
     8.574,     -9999,
     8.576,     -9999,
     8.578,     -9999,
      8.58,     -9999,
     8.582,     -9999,
     8.584,     -9999,
     8.586,     -9999,
     8.588,     -9999,
      8.59,     -9999,
     8.592,     -9999,
     8.594,     -9999,
     8.596,     -9999,
     8.598,     -9999,
       8.6,     -9999,
     8.602,     -9999,
     8.604,     -9999,
     8.606,     -9999,
     8.608,     -9999,
      8.61,     -9999,
     8.612,     -9999,
     8.614,     -9999,
     8.616,     -9999,
     8.618,     -9999,
      8.62,     -9999,
     8.622,     -9999,
     8.624,     -9999,
     8.626,     -9999,
     8.628,     -9999,
      8.63,     -9999,
     8.632,     -9999,
     8.634,     -9999,
     8.636,     -9999,
     8.638,     -9999,
      8.64,     -9999,
     8.642,     -9999,
     8.644,     -9999,
     8.646,     -9999,
     8.648,     -9999,
      8.65,     -9999,
     8.652,     -9999,
     8.654,     -9999,
     8.656,     -9999,
     8.658,     -9999,
      8.66,     -9999,
     8.662,     -9999,
     8.664,     -9999,
     8.666,     -9999,
     8.668,     -9999,
      8.67,     -9999,
     8.672,     -9999,
     8.674,     -9999,
     8.676,     -9999,
     8.678,     -9999,
      8.68,     -9999,
     8.682,     -9999,
     8.684,     -9999,
     8.686,     -9999,
     8.688,     -9999,
      8.69,     -9999,
     8.692,     -9999,
     8.694,     -9999,
     8.696,     -9999,
     8.698,     -9999,
       8.7,     -9999,
     8.702,     -9999,
     8.704,     -9999,
     8.706,     -9999,
     8.708,     -9999,
      8.71,     -9999,
     8.712,     -9999,
     8.714,     -9999,
     8.716,     -9999,
     8.718,     -9999,
      8.72,     -9999,
     8.722,     -9999,
     8.724,     -9999,
     8.726,     -9999,
     8.728,     -9999,
      8.73,     -9999,
     8.732,     -9999,
     8.734,     -9999,
     8.736,     -9999,
     8.738,     -9999,
      8.74,     -9999,
     8.742,     -9999,
     8.744,     -9999,
     8.746,     -9999,
     8.748,     -9999,
      8.75,     -9999,
     8.752,     -9999,
     8.754,     -9999,
     8.756,     -9999,
     8.758,     -9999,
      8.76,     -9999,
     8.762,     -9999,
     8.764,     -9999,
     8.766,     -9999,
     8.768,     -9999,
      8.77,     -9999,
     8.772,     -9999,
     8.774,     -9999,
     8.776,     -9999,
     8.778,     -9999,
      8.78,     -9999,
     8.782,     -9999,
     8.784,     -9999,
     8.786,     -9999,
     8.788,     -9999,
      8.79,     -9999,
     8.792,     -9999,
     8.794,     -9999,
     8.796,     -9999,
     8.798,     -9999,
       8.8,     -9999,
     8.802,     -9999,
     8.804,     -9999,
     8.806,     -9999,
     8.808,     -9999,
      8.81,     -9999,
     8.812,     -9999,
     8.814,     -9999,
     8.816,     -9999,
     8.818,     -9999,
      8.82,     -9999,
     8.822,     -9999,
     8.824,     -9999,
     8.826,     -9999,
     8.828,     -9999,
      8.83,     -9999,
     8.832,     -9999,
     8.834,     -9999,
     8.836,     -9999,
     8.838,     -9999,
      8.84,     -9999,
     8.842,     -9999,
     8.844,     -9999,
     8.846,     -9999,
     8.848,     -9999,
      8.85,     -9999,
     8.852,     -9999,
     8.854,     -9999,
     8.856,     -9999,
     8.858,     -9999,
      8.86,     -9999,
     8.862,     -9999,
     8.864,     -9999,
     8.866,     -9999,
     8.868,     -9999,
      8.87,     -9999,
     8.872,     -9999,
     8.874,     -9999,
     8.876,     -9999,
     8.878,     -9999,
      8.88,     -9999,
     8.882,     -9999,
     8.884,     -9999,
     8.886,     -9999,
     8.888,     -9999,
      8.89,     -9999,
     8.892,     -9999,
     8.894,     -9999,
     8.896,     -9999,
     8.898,     -9999,
       8.9,     -9999,
     8.902,     -9999,
     8.904,     -9999,
     8.906,     -9999,
     8.908,     -9999,
      8.91,     -9999,
     8.912,     -9999,
     8.914,     -9999,
     8.916,     -9999,
     8.918,     -9999,
      8.92,     -9999,
     8.922,     -9999,
     8.924,     -9999,
     8.926,     -9999,
     8.928,     -9999,
      8.93,     -9999,
     8.932,     -9999,
     8.934,     -9999,
     8.936,     -9999,
     8.938,     -9999,
      8.94,     -9999,
     8.942,     -9999,
     8.944,     -9999,
     8.946,     -9999,
     8.948,     -9999,
      8.95,     -9999,
     8.952,     -9999,
     8.954,     -9999,
     8.956,     -9999,
     8.958,     -9999,
      8.96,     -9999,
     8.962,     -9999,
     8.964,     -9999,
     8.966,     -9999,
     8.968,     -9999,
      8.97,     -9999,
     8.972,     -9999,
     8.974,     -9999,
     8.976,     -9999,
     8.978,     -9999,
      8.98,     -9999,
     8.982,     -9999,
     8.984,     -9999,
     8.986,     -9999,
     8.988,     -9999,
      8.99,     -9999,
     8.992,     -9999,
     8.994,     -9999,
     8.996,     -9999,
     8.998,     -9999,
         9,     -9999,
     9.002,     -9999,
     9.004,     -9999,
     9.006,     -9999,
     9.008,     -9999,
      9.01,     -9999,
     9.012,     -9999,
     9.014,     -9999,
     9.016,     -9999,
     9.018,     -9999,
      9.02,     -9999,
     9.022,     -9999,
     9.024,     -9999,
     9.026,     -9999,
     9.028,     -9999,
      9.03,     -9999,
     9.032,     -9999,
     9.034,     -9999,
     9.036,     -9999,
     9.038,     -9999,
      9.04,     -9999,
     9.042,     -9999,
     9.044,     -9999,
     9.046,     -9999,
     9.048,     -9999,
      9.05,     -9999,
     9.052,     -9999,
     9.054,     -9999,
     9.056,     -9999,
     9.058,     -9999,
      9.06,     -9999,
     9.062,     -9999,
     9.064,     -9999,
     9.066,     -9999,
     9.068,     -9999,
      9.07,     -9999,
     9.072,     -9999,
     9.074,     -9999,
     9.076,     -9999,
     9.078,     -9999,
      9.08,     -9999,
     9.082,     -9999,
     9.084,     -9999,
     9.086,     -9999,
     9.088,     -9999,
      9.09,     -9999,
     9.092,     -9999,
     9.094,     -9999,
     9.096,     -9999,
     9.098,     -9999,
       9.1,     -9999,
     9.102,     -9999,
     9.104,     -9999,
     9.106,     -9999,
     9.108,     -9999,
      9.11,     -9999,
     9.112,     -9999,
     9.114,     -9999,
     9.116,     -9999,
     9.118,     -9999,
      9.12,     -9999,
     9.122,     -9999,
     9.124,     -9999,
     9.126,     -9999,
     9.128,     -9999,
      9.13,     -9999,
     9.132,     -9999,
     9.134,     -9999,
     9.136,     -9999,
     9.138,     -9999,
      9.14,     -9999,
     9.142,     -9999,
     9.144,     -9999,
     9.146,     -9999,
     9.148,     -9999,
      9.15,     -9999,
     9.152,     -9999,
     9.154,     -9999,
     9.156,     -9999,
     9.158,     -9999,
      9.16,     -9999,
     9.162,     -9999,
     9.164,     -9999,
     9.166,     -9999,
     9.168,     -9999,
      9.17,     -9999,
     9.172,     -9999,
     9.174,     -9999,
     9.176,     -9999,
     9.178,     -9999,
      9.18,     -9999,
     9.182,     -9999,
     9.184,     -9999,
     9.186,     -9999,
     9.188,     -9999,
      9.19,     -9999,
     9.192,     -9999,
     9.194,     -9999,
     9.196,     -9999,
     9.198,     -9999,
       9.2,     -9999,
     9.202,     -9999,
     9.204,     -9999,
     9.206,     -9999,
     9.208,     -9999,
      9.21,     -9999,
     9.212,     -9999,
     9.214,     -9999,
     9.216,     -9999,
     9.218,     -9999,
      9.22,     -9999,
     9.222,     -9999,
     9.224,     -9999,
     9.226,     -9999,
     9.228,     -9999,
      9.23,     -9999,
     9.232,     -9999,
     9.234,     -9999,
     9.236,     -9999,
     9.238,     -9999,
      9.24,     -9999,
     9.242,     -9999,
     9.244,     -9999,
     9.246,     -9999,
     9.248,     -9999,
      9.25,     -9999,
     9.252,     -9999,
     9.254,     -9999,
     9.256,     -9999,
     9.258,     -9999,
      9.26,     -9999,
     9.262,     -9999,
     9.264,     -9999,
     9.266,     -9999,
     9.268,     -9999,
      9.27,     -9999,
     9.272,     -9999,
     9.274,     -9999,
     9.276,     -9999,
     9.278,     -9999,
      9.28,     -9999,
     9.282,     -9999,
     9.284,     -9999,
     9.286,     -9999,
     9.288,     -9999,
      9.29,     -9999,
     9.292,     -9999,
     9.294,     -9999,
     9.296,     -9999,
     9.298,     -9999,
       9.3,     -9999,
     9.302,     -9999,
     9.304,     -9999,
     9.306,     -9999,
     9.308,     -9999,
      9.31,     -9999,
     9.312,     -9999,
     9.314,     -9999,
     9.316,     -9999,
     9.318,     -9999,
      9.32,     -9999,
     9.322,     -9999,
     9.324,     -9999,
     9.326,     -9999,
     9.328,     -9999,
      9.33,     -9999,
     9.332,     -9999,
     9.334,     -9999,
     9.336,     -9999,
     9.338,     -9999,
      9.34,     -9999,
     9.342,     -9999,
     9.344,     -9999,
     9.346,     -9999,
     9.348,     -9999,
      9.35,     -9999,
     9.352,     -9999,
     9.354,     -9999,
     9.356,     -9999,
     9.358,     -9999,
      9.36,     -9999,
     9.362,     -9999,
     9.364,     -9999,
     9.366,     -9999,
     9.368,     -9999,
      9.37,     -9999,
     9.372,     -9999,
     9.374,     -9999,
     9.376,     -9999,
     9.378,     -9999,
      9.38,     -9999,
     9.382,     -9999,
     9.384,     -9999,
     9.386,     -9999,
     9.388,     -9999,
      9.39,     -9999,
     9.392,     -9999,
     9.394,     -9999,
     9.396,     -9999,
     9.398,     -9999,
       9.4,     -9999,
     9.402,     -9999,
     9.404,     -9999,
     9.406,     -9999,
     9.408,     -9999,
      9.41,     -9999,
     9.412,     -9999,
     9.414,     -9999,
     9.416,     -9999,
     9.418,     -9999,
      9.42,     -9999,
     9.422,     -9999,
     9.424,     -9999,
     9.426,     -9999,
     9.428,     -9999,
      9.43,     -9999,
     9.432,     -9999,
     9.434,     -9999,
     9.436,     -9999,
     9.438,     -9999,
      9.44,     -9999,
     9.442,     -9999,
     9.444,     -9999,
     9.446,     -9999,
     9.448,     -9999,
      9.45,     -9999,
     9.452,     -9999,
     9.454,     -9999,
     9.456,     -9999,
     9.458,     -9999,
      9.46,     -9999,
     9.462,     -9999,
     9.464,     -9999,
     9.466,     -9999,
     9.468,     -9999,
      9.47,     -9999,
     9.472,     -9999,
     9.474,     -9999,
     9.476,     -9999,
     9.478,     -9999,
      9.48,     -9999,
     9.482,     -9999,
     9.484,     -9999,
     9.486,     -9999,
     9.488,     -9999,
      9.49,     -9999,
     9.492,     -9999,
     9.494,     -9999,
     9.496,     -9999,
     9.498,     -9999,
       9.5,     -9999,
     9.502,     -9999,
     9.504,     -9999,
     9.506,     -9999,
     9.508,     -9999,
      9.51,     -9999,
     9.512,     -9999,
     9.514,     -9999,
     9.516,     -9999,
     9.518,     -9999,
      9.52,     -9999,
     9.522,     -9999,
     9.524,     -9999,
     9.526,     -9999,
     9.528,     -9999,
      9.53,     -9999,
     9.532,     -9999,
     9.534,     -9999,
     9.536,     -9999,
     9.538,     -9999,
      9.54,     -9999,
     9.542,     -9999,
     9.544,     -9999,
     9.546,     -9999,
     9.548,     -9999,
      9.55,     -9999,
     9.552,     -9999,
     9.554,     -9999,
     9.556,     -9999,
     9.558,     -9999,
      9.56,     -9999,
     9.562,     -9999,
     9.564,     -9999,
     9.566,     -9999,
     9.568,     -9999,
      9.57,     -9999,
     9.572,     -9999,
     9.574,     -9999,
     9.576,     -9999,
     9.578,     -9999,
      9.58,     -9999,
     9.582,     -9999,
     9.584,     -9999,
     9.586,     -9999,
     9.588,     -9999,
      9.59,     -9999,
     9.592,     -9999,
     9.594,     -9999,
     9.596,     -9999,
     9.598,     -9999,
       9.6,     -9999,
     9.602,     -9999,
     9.604,     -9999,
     9.606,     -9999,
     9.608,     -9999,
      9.61,     -9999,
     9.612,     -9999,
     9.614,     -9999,
     9.616,     -9999,
     9.618,     -9999,
      9.62,     -9999,
     9.622,     -9999,
     9.624,     -9999,
     9.626,     -9999,
     9.628,     -9999,
      9.63,     -9999,
     9.632,     -9999,
     9.634,     -9999,
     9.636,     -9999,
     9.638,     -9999,
      9.64,     -9999,
     9.642,     -9999,
     9.644,     -9999,
     9.646,     -9999,
     9.648,     -9999,
      9.65,     -9999,
     9.652,     -9999,
     9.654,     -9999,
     9.656,     -9999,
     9.658,     -9999,
      9.66,     -9999,
     9.662,     -9999,
     9.664,     -9999,
     9.666,     -9999,
     9.668,     -9999,
      9.67,     -9999,
     9.672,     -9999,
     9.674,     -9999,
     9.676,     -9999,
     9.678,     -9999,
      9.68,     -9999,
     9.682,     -9999,
     9.684,     -9999,
     9.686,     -9999,
     9.688,     -9999,
      9.69,     -9999,
     9.692,     -9999,
     9.694,     -9999,
     9.696,     -9999,
     9.698,     -9999,
       9.7,     -9999,
     9.702,     -9999,
     9.704,     -9999,
     9.706,     -9999,
     9.708,     -9999,
      9.71,     -9999,
     9.712,     -9999,
     9.714,     -9999,
     9.716,     -9999,
     9.718,     -9999,
      9.72,     -9999,
     9.722,     -9999,
     9.724,     -9999,
     9.726,     -9999,
     9.728,     -9999,
      9.73,     -9999,
     9.732,     -9999,
     9.734,     -9999,
     9.736,     -9999,
     9.738,     -9999,
      9.74,     -9999,
     9.742,     -9999,
     9.744,     -9999,
     9.746,     -9999,
     9.748,     -9999,
      9.75,     -9999,
     9.752,     -9999,
     9.754,     -9999,
     9.756,     -9999,
     9.758,     -9999,
      9.76,     -9999,
     9.762,     -9999,
     9.764,     -9999,
     9.766,     -9999,
     9.768,     -9999,
      9.77,     -9999,
     9.772,     -9999,
     9.774,     -9999,
     9.776,     -9999,
     9.778,     -9999,
      9.78,     -9999,
     9.782,     -9999,
     9.784,     -9999,
     9.786,     -9999,
     9.788,     -9999,
      9.79,     -9999,
     9.792,     -9999,
     9.794,     -9999,
     9.796,     -9999,
     9.798,     -9999,
       9.8,     -9999,
     9.802,     -9999,
     9.804,     -9999,
     9.806,     -9999,
     9.808,     -9999,
      9.81,     -9999,
     9.812,     -9999,
     9.814,     -9999,
     9.816,     -9999,
     9.818,     -9999,
      9.82,     -9999,
     9.822,     -9999,
     9.824,     -9999,
     9.826,     -9999,
     9.828,     -9999,
      9.83,     -9999,
     9.832,     -9999,
     9.834,     -9999,
     9.836,     -9999,
     9.838,     -9999,
      9.84,     -9999,
     9.842,     -9999,
     9.844,     -9999,
     9.846,     -9999,
     9.848,     -9999,
      9.85,     -9999,
     9.852,     -9999,
     9.854,     -9999,
     9.856,     -9999,
     9.858,     -9999,
      9.86,     -9999,
     9.862,     -9999,
     9.864,     -9999,
     9.866,     -9999,
     9.868,     -9999,
      9.87,     -9999,
     9.872,     -9999,
     9.874,     -9999,
     9.876,     -9999,
     9.878,     -9999,
      9.88,     -9999,
     9.882,     -9999,
     9.884,     -9999,
     9.886,     -9999,
     9.888,     -9999,
      9.89,     -9999,
     9.892,     -9999,
     9.894,     -9999,
     9.896,     -9999,
     9.898,     -9999,
       9.9,     -9999,
     9.902,     -9999,
     9.904,     -9999,
     9.906,     -9999,
     9.908,     -9999,
      9.91,     -9999,
     9.912,     -9999,
     9.914,     -9999,
     9.916,     -9999,
     9.918,     -9999,
      9.92,     -9999,
     9.922,     -9999,
     9.924,     -9999,
     9.926,     -9999,
     9.928,     -9999,
      9.93,     -9999,
     9.932,     -9999,
     9.934,     -9999,
     9.936,     -9999,
     9.938,     -9999,
      9.94,     -9999,
     9.942,     -9999,
     9.944,     -9999,
     9.946,     -9999,
     9.948,     -9999,
      9.95,     -9999,
     9.952,     -9999,
     9.954,     -9999,
     9.956,     -9999,
     9.958,     -9999,
      9.96,     -9999,
     9.962,     -9999,
     9.964,     -9999,
     9.966,     -9999,
     9.968,     -9999,
      9.97,     -9999,
     9.972,     -9999,
     9.974,     -9999,
     9.976,     -9999,
     9.978,     -9999,
      9.98,     -9999,
     9.982,     -9999,
     9.984,     -9999,
     9.986,     -9999,
     9.988,     -9999,
      9.99,     -9999,
     9.992,     -9999,
     9.994,     -9999,
     9.996,     -9999,
     9.998,     -9999,
        10,     -9999,
